nm,PVK2_5mM,PVK05mM,lactateD2_5mM,lactateD05mM,FeCl11mM,lactateD10mM,PVK10mM,PVK5.0mM,lactateD5mM,lactateD1mM,lactateD01mM,PVK1mM,PVK01mM
700.0557861,99.09914398,99.03523254,99.20435333,99.03027344,99.10862732,99.16627502,98.84135437,99.06895447,99.2624588,99.360466,99.24050903,98.78791809,99.06834412
699.0444946,99.03104401,98.94299316,99.23885345,99.05222321,99.07767487,99.12590027,98.79306793,99.04544067,99.23043823,99.26712036,99.35037231,98.89478302,99.12628174
698.0328369,99.07875824,99.07802582,99.22104645,98.96875,99.07242584,99.09031677,98.85917664,99.09674835,99.23004913,99.17848969,99.13908386,98.84763336,99.11170197
697.020874,98.98719025,99.09476471,99.21998596,99.01285553,99.12937927,99.06008911,98.82435608,99.01989746,99.30177307,99.23866272,99.18473816,98.76500702,99.11273193
696.0085449,98.99168396,99.00035858,99.30017853,98.96452332,99.16996765,99.02885437,98.70568848,99.02663422,99.19866943,99.17146301,99.13031769,98.80870056,99.09290314
694.9959717,99.00830078,98.95522308,99.22463226,98.96135712,99.09066772,99.02026367,98.72525024,98.89974976,99.10834503,99.21494293,99.10575867,98.75621033,98.90494537
693.9829712,99.12483978,98.96105194,99.2259903,99.04381561,99.08455658,98.98320007,98.85259247,98.97594452,99.24876404,99.32807922,99.24222565,98.85590363,99.07171631
692.9697266,99.08309174,99.00304413,99.23860931,99.01457214,99.16208649,99.18069458,98.80832672,98.96202087,99.35424042,99.29817963,99.26049805,98.74230957,99.02737427
691.9561157,99.01563263,99.03443146,99.17847443,98.96002197,99.09812164,99.12241364,98.83558655,99.02129364,99.29312134,99.4335022,99.30103302,98.9181366,99.16513824
690.9421387,98.90258789,99.00557709,99.17118835,98.93263245,99.11375427,99.17864227,98.80192566,98.95431519,99.23373413,99.16931152,99.17032623,98.79666138,98.98538208
689.9279175,99.03674316,98.95345306,99.12204742,98.98419952,99.06284332,98.96295166,98.74664307,98.80674744,99.24243927,99.25948334,99.17678833,98.85549927,99.03803253
689.0582886,99.02707672,98.94106293,99.20914459,99.07003021,99.07143402,99.10004425,98.66667175,98.99092865,99.22296143,99.15194702,99.29522705,98.76933289,99.05873871
688.043396,99.04932404,99.01795959,99.228302,99.07945251,99.15518951,99.07603455,98.70516968,98.88291168,99.25918579,99.30222321,99.30957794,98.90699005,99.17557526
687.0281982,99.05426025,98.98277283,99.15657043,98.96074677,99.24302673,99.05162048,98.73443604,98.95243835,99.27045441,99.32253265,99.20388031,98.77467346,99.06044769
686.0126953,98.9377594,99.0428009,99.2629776,99.02067566,99.08214569,99.17328644,98.66203308,98.91345215,99.3406601,99.2758255,99.14894104,98.77230072,99.10501099
684.9968872,98.93331146,98.95280457,99.13072968,99.06243134,99.20591736,99.12403107,98.71142578,98.85949707,99.16696167,99.30437469,99.24213409,98.85414124,99.03265381
683.9807129,99.07211304,99.0565033,99.2075119,99.07853699,99.14936066,99.12799072,98.72541809,98.98530579,99.26314545,99.23846436,99.25622559,98.88709259,99.06190491
682.9642334,98.96271515,99.00688171,99.21144867,99.0242691,99.01121521,99.04627228,98.66697693,98.83408356,99.18895721,99.27918243,99.17510986,98.8313446,98.97683716
681.9473877,98.98641968,98.98028564,99.21846008,98.98154449,99.16664886,99.04827881,98.64645386,98.89438629,99.23726654,99.33979797,99.28475952,98.79800415,99.09570313
680.9302979,99.01857758,99.00999451,99.25082397,99.07995605,99.16568756,99.15140533,98.66525269,98.89388275,99.29071808,99.2657547,99.17835236,98.78871155,99.0473175
680.0582275,98.896492,98.99799347,99.07129669,98.94317627,99.05050659,99.15139008,98.56972504,98.78002167,99.17503357,99.3578949,99.32349396,98.92568207,99.17594147
679.0404663,98.98468781,99.09309387,99.29826355,99.01266479,99.14910126,99.11175537,98.71323395,98.86717224,99.28266144,99.27462006,99.18036652,98.86930084,99.19643402
678.0223999,98.92140961,98.97795105,99.21068573,99.09785461,99.13248444,99.09429169,98.65288544,98.83743286,99.28553009,99.30980682,99.0877533,98.76816559,99.082901
677.0040894,99.09415436,99.11287689,99.24276733,99.14585876,99.31523132,99.12986755,98.6374588,98.75836945,99.28364563,99.23409271,99.14794159,98.81564331,99.03977203
675.9853516,98.93711853,99.07441711,99.20770264,99.11476135,99.16549683,99.12110138,98.57771301,98.8737793,99.22645569,99.33757782,99.2658844,98.81572723,99.09401703
674.9663696,98.89418793,99.09059143,99.16566467,99.01406097,99.14993286,99.1326828,98.51721954,98.62162781,99.20635223,99.31542206,99.17401123,98.71618652,98.98841095
673.9470825,98.92663574,99.00802612,99.20522308,98.96376038,99.1648407,99.11240387,98.47320557,98.72476959,99.28196716,99.37699127,99.29000092,98.87255096,99.08390045
672.9274292,98.92539215,99.01894379,99.12701416,99.06515503,99.13179016,98.99868774,98.53700256,98.69855499,99.17469025,99.24446106,99.24843597,98.74521637,98.94252777
672.0531616,98.93235779,98.98031616,99.20841217,99.00623322,99.1576767,99.10103607,98.49465179,98.62352753,99.25787354,99.32304382,99.32392883,98.8367157,99.05767822
671.032959,99.01441956,99.00655365,99.22093964,99.12294006,99.17900848,99.11947632,98.49536133,98.80151367,99.30601501,99.36120605,99.34909058,98.82991028,99.02923584
670.0123901,98.95020294,99.06879425,99.20184326,99.1084137,99.25743103,99.15101624,98.50234222,98.71448517,99.32208252,99.32025909,99.24323273,98.72187042,99.01196289
668.9915771,98.89267731,99.04533386,99.18819427,99.10137939,99.2545166,99.03608704,98.48452759,98.65138245,99.3307724,99.16955566,99.15000153,98.70023346,98.88425446
667.9703979,99.04730988,99.14482117,99.36743927,99.23527527,99.24450684,99.17459869,98.49555206,98.85906219,99.27629852,99.41940308,99.2654953,98.80688477,99.139534
666.9488525,98.91953278,99.1383667,99.26554871,99.08926392,99.25046539,99.06512451,98.47398376,98.7489624,99.25505829,99.28178406,99.28334045,98.86372375,99.09270477
665.927063,98.90473175,99.05836487,99.08647919,99.045578,99.18670654,99.15172577,98.35571289,98.68175507,99.22353363,99.22109985,99.2647171,98.68386078,98.96686554
665.0509644,99.01517487,99.16884613,99.28513336,99.13898468,99.33184052,99.18704987,98.40273285,98.78200531,99.20404816,99.30969238,99.23150635,98.68777466,98.93217468
664.0285645,98.81781769,99.01173401,99.10742188,99.04886627,99.13092041,98.98540497,98.23729706,98.63072205,99.21795654,99.2618103,99.28233337,98.81082916,98.92808533
663.0058594,98.85865784,99.07119751,99.17243958,99.08913422,99.22799683,99.03481293,98.30953217,98.67897797,99.19129944,99.32660675,99.22245789,98.86402893,98.98660278
661.9828491,98.77915192,99.01758575,99.14481354,99.02783203,99.11546326,99.02505493,98.28874207,98.56288147,99.14352417,99.24472046,99.2150116,98.81347656,99.03708649
660.9595337,98.85674286,99.01830292,99.17957306,99.09555817,99.12734222,99.054245,98.19894409,98.53435516,99.14434814,99.35511017,99.34710693,98.80143738,99.07521057
659.9359131,98.74672699,98.98548126,99.09320831,99.00292969,99.15171051,98.97135162,98.14822388,98.50767517,99.130867,99.42653656,99.31716919,98.87417603,99.10556793
659.0582275,98.78804779,99.07639313,99.17124939,99.06547546,99.24769592,99.03567505,98.24127197,98.56369781,99.23290253,99.40617371,99.28287506,98.85677338,99.11597443
658.0340576,98.7978363,99.08653259,99.14933777,99.11178589,99.1727066,99.02805328,98.15955353,98.50091553,99.12631226,99.39020538,99.32130432,98.780159,99.11048126
657.0095215,98.84767151,99.18536377,99.18628693,99.16083527,99.16805267,99.01320648,98.25233459,98.57537842,99.09218597,99.30265808,99.35279083,98.78104401,99.04548645
655.9846802,98.78023529,99.03370667,99.09017944,99.10555267,99.17563629,99.05072784,98.19060516,98.53857422,99.15434265,99.24944305,99.23209381,98.73477936,98.95831299
654.9595337,98.79039764,99.02210999,99.11299133,99.01386261,99.11405182,98.99494934,98.04522705,98.40907288,99.13388824,99.35227203,99.23110962,98.72242737,99.10540771
653.934082,98.76435089,99.0550766,99.10137939,99.07072449,99.18185425,98.97460938,98.05568695,98.49146271,99.17576599,99.16919708,99.20240021,98.62233734,98.98447418
653.0548706,98.79245758,99.06477356,99.24324036,99.1155014,99.25235748,99.06230164,98.14918518,98.48855591,99.24005127,99.28495026,99.30209351,98.72580719,99.05330658
652.0288086,98.83319092,99.06985474,99.1502533,99.18686676,99.18286896,99.01543427,98.06478882,98.521698,99.22036743,99.18720245,99.20110321,98.72771454,98.99986267
651.0025024,98.71289825,99.03180695,99.17017365,99.13941956,99.24066925,99.10696411,98.03944397,98.47805786,99.13805389,99.07484436,99.18347168,98.70027924,98.96837616
649.9758301,98.64957428,98.88909149,98.99829865,98.95638275,99.08171844,98.88506317,97.89606476,98.29242706,99.04216766,99.27249146,99.24265289,98.693573,99.07455444
648.9488525,98.72634125,98.960289,99.06937408,99.01878357,99.14953613,99.0175705,97.91101837,98.39833832,99.17444611,99.27220154,99.33361053,98.62015533,99.04383087
648.0683594,98.68682861,98.97729492,99.13571167,99.01887512,99.17705536,98.99047852,97.95894623,98.35796356,99.16917419,99.30381012,99.23904419,98.68127441,99.06835175
647.0408936,98.69425201,99.09277344,99.11233521,99.12847137,99.25735474,99.07174683,97.99169159,98.40852356,99.23203278,99.27165222,99.2727356,98.68115997,99.08798981
646.0130615,98.62891388,99.05003357,99.08783722,99.09529877,99.1299057,98.95372772,97.93804932,98.33364105,99.11878967,99.30162048,99.28536224,98.66013336,99.08892822
644.9849243,98.71475983,99.08742523,99.12266541,99.09038544,99.15261078,98.90515137,97.85281372,98.20449829,99.12333679,99.3015976,99.21473694,98.671875,99.02325439
643.9564819,98.61145782,99.04658508,99.06653595,99.03696442,99.1133194,98.83391571,97.7469101,98.2711792,99.01325989,99.30008698,99.23069,98.65399933,99.04514313
642.9277344,98.61386871,98.96498108,99.10791016,98.96339417,99.14919281,98.94304657,97.85462952,98.34176636,99.09557343,99.35945129,99.27133179,98.77140808,99.12059021
642.0457153,98.69405365,99.07543945,99.11155701,99.10430145,99.27017212,98.95398712,97.73804474,98.34407806,99.1032486,99.30192566,99.25644684,98.54667664,99.09344482
641.0164185,98.68977356,99.10460663,99.10501862,99.21727753,99.24516296,99.00061798,97.76034546,98.33047485,99.20453644,99.24276733,99.30454254,98.62582397,99.05492401
639.9868164,98.6436615,99.08355713,99.07931519,99.13598633,99.21884155,99.02293396,97.75576782,98.25392914,99.13075256,99.26104736,99.27251434,98.61634064,99.12836456
638.9569092,98.5353775,98.96417999,99.09516907,99.02772522,99.03258514,98.89220428,97.61070251,98.22554779,98.98875427,99.24584961,99.25939941,98.70065308,99.09300995
637.9266968,98.52097321,98.91030121,99.01525879,98.95843506,99.05032349,98.89560699,97.51003265,98.2178421,98.98898315,99.2773819,99.26882172,98.61614227,99.0459137
637.043457,98.57733154,99.0885849,99.06919861,99.13394165,99.24155426,98.98053741,97.69631958,98.19911957,99.13879395,99.23323059,99.22003174,98.64476013,99.09065247
636.0126343,98.6687088,99.07839203,99.11289978,99.09927368,99.20524597,98.91694641,97.61860657,98.20572662,99.11593628,99.36092377,99.27862549,98.72849274,99.13542175
634.9815674,98.55315399,98.98114014,99.03135681,99.07467651,99.19770813,98.82865906,97.59334564,98.11534119,99.05380249,99.17004395,99.16913605,98.57156372,99.03565216
633.9502563,98.52835846,98.94713593,99.0629425,99.03938293,99.15325928,98.79080963,97.5112381,98.13064575,98.94566345,99.19917297,99.15883636,98.54094696,99.04024506
633.065979,98.47266388,98.95838165,99.04173279,99.03522491,99.12704468,98.76621246,97.40458679,98.07239532,98.98548889,99.19087982,99.21994019,98.57339478,99.02047729
632.0340576,98.58528137,99.04431915,99.0683136,99.14034271,99.18598175,98.96748352,97.48184967,98.11566925,99.03268433,99.26042938,99.24617004,98.5247345,99.05069733
631.0018311,98.45141602,99.04367065,99.03810883,99.06034088,99.16321564,98.78283691,97.44911957,97.95326233,98.97169495,99.2930603,99.24589539,98.66030884,99.13781738
629.9692993,98.42775726,98.97840118,98.9199295,99.00706482,99.14849091,98.82431793,97.30141449,98.07207489,98.91311646,99.24533081,99.23210144,98.60237885,99.06623077
628.9365234,98.41835022,98.97977448,98.99328613,99.03662872,99.15969086,98.82563019,97.2467041,97.96514893,98.96783447,99.23239899,99.24952698,98.56022644,99.08407593
628.0509644,98.42292786,98.98293304,98.99207306,98.97212219,99.08055878,98.80416107,97.21447754,97.95402527,98.88153839,99.03892517,99.2071228,98.54045868,99.08943176
627.0176392,98.48908234,99.00224304,98.98303986,99.08003235,99.18963623,98.81378937,97.2593689,97.8938446,98.99687958,99.24671936,99.22927094,98.54103851,99.02775574
625.9839478,98.41636658,98.9588089,98.9475174,99.02075195,99.1008606,98.80458832,97.19765472,97.92724609,98.92402649,99.26056671,99.24447632,98.5877533,99.05900574
624.9500122,98.38196564,99.01230621,98.98970032,99.02064514,99.19374847,98.78910828,97.16708374,97.8596344,98.95165253,99.1459198,99.15467072,98.53362274,99.05196381
624.0635376,98.27503204,98.86486816,98.76712036,98.97029114,99.03535461,98.75893402,97.04857635,97.69212341,98.81933594,99.16092682,99.20683289,98.53475952,99.0765686
623.0289917,98.35923767,99.0240097,98.99376678,99.14762878,99.14884949,98.7975769,97.12989044,97.83796692,98.99396515,99.15396118,99.20219421,98.49130249,99.00869751
621.9942017,98.36805725,98.93434906,98.85321045,98.96195221,99.09883118,98.73554993,96.99810791,97.82104492,98.8727417,99.13899231,99.1410141,98.48313904,98.99533844
620.9591064,98.35220337,98.97509766,98.89500427,99.0437088,99.1342392,98.79263306,97.04637909,97.7649765,98.94780731,99.13410187,99.17584991,98.50918579,99.04669952
620.0716553,98.25502014,98.90288544,98.88417053,98.9848938,99.13864136,98.70484161,96.94905853,97.7522583,98.93378448,99.13863373,99.2541275,98.45593262,98.96372986
619.0360718,98.22849274,98.92090607,98.92048645,99.00865936,99.11729431,98.72593689,96.90244293,97.71146393,98.86437225,99.12417603,99.12142944,98.35386658,98.9492569
618.0001221,98.23729706,98.97946167,98.94069672,98.97947693,99.11273193,98.66047668,96.80967712,97.72131348,98.88609314,99.22644043,99.14935303,98.50424194,98.98517609
616.9639282,98.22724152,98.84447479,98.83945465,98.96510315,99.09651947,98.62815857,96.7208786,97.58002472,98.82949066,99.11952209,99.12140656,98.44108582,98.99119568
615.9273682,98.19314575,98.93836212,98.87290955,99.07162476,99.14676666,98.6861496,96.75937653,97.71221924,98.80315399,99.05375671,99.14208984,98.39138031,98.90620422
615.0386963,98.14138794,98.94915771,98.79529572,99.02407837,99.03097534,98.63733673,96.59401703,97.57796478,98.75675964,99.15535736,99.05246735,98.38405609,98.85925293
614.0016479,98.17345428,98.96212006,98.77958679,98.92128754,99.15090942,98.61573029,96.61642456,97.5700531,98.79943848,99.14806366,99.19818878,98.39572144,99.00984192
612.9643555,98.13635254,98.95550537,98.75125122,98.92642212,99.1552124,98.61483002,96.54759979,97.50272369,98.76963043,99.12246704,99.18744659,98.42041016,99.05413055
611.9266968,98.11199951,98.9438858,98.7437439,99.02561951,99.14564514,98.5739212,96.54380798,97.48987579,98.77799225,99.13295746,99.16726685,98.43596649,98.9863205
611.0371094,98.06552887,98.89290619,98.68100739,98.96871948,99.08145905,98.50391388,96.4797821,97.43798065,98.70141602,99.1570282,99.13774872,98.39601135,98.97102356
609.9989014,98.07447815,98.88008118,98.65687561,98.88398743,99.01332855,98.53278351,96.36455536,97.35129547,98.70657349,99.0335083,99.06629181,98.25284576,98.92190552
608.9604492,98.08852386,98.91254425,98.66320801,98.97801208,99.09392548,98.5273056,96.36504364,97.41086578,98.75035095,99.06200409,99.07617188,98.24950409,98.93945313
608.0701294,98.10416412,98.91884613,98.68909454,98.96996307,99.12497711,98.51914978,96.26657104,97.36713409,98.69664764,99.05462646,99.08640289,98.33970642,98.92823029
607.031189,98.04211426,98.87508392,98.58408356,98.95214081,99.08190155,98.47866821,96.25733185,97.2850647,98.63685608,99.06217194,99.09366608,98.29503632,98.86481476
605.9918823,98.00291443,98.83443451,98.53365326,98.87592316,99.04675293,98.41199493,96.122612,97.23815918,98.64245605,98.99827576,99.08799744,98.2432785,98.83985901
604.9523315,97.92934418,98.79882813,98.49950409,98.90138245,99.10353088,98.41960907,96.09581757,97.21824646,98.56216431,99.04244232,99.05741882,98.20083618,98.87665558
604.0610352,97.95990753,98.82640839,98.47328949,98.91743469,99.1163559,98.42715454,96.07234955,97.21585846,98.64092255,99.07341766,99.07843018,98.22332764,98.89977264
603.0209961,97.91013336,98.80026245,98.42938995,98.86254883,99.1262207,98.35311127,95.98719788,97.17972565,98.55925751,99.0018158,99.04200745,98.17185211,98.86236572
601.9805908,97.90014648,98.80641174,98.44072723,98.90996552,99.03025818,98.29371643,95.91572571,97.06336212,98.57260132,99.00554657,99.06145477,98.18367004,98.89063263
600.9399414,97.88265228,98.81031036,98.3718338,98.85682678,99.09236145,98.28491211,95.85456085,97.06672668,98.48461151,99.03018188,99.1063385,98.23247528,98.88711548
600.0477295,97.84397888,98.8513031,98.34563446,98.9246521,99.11433411,98.29160309,95.83515167,97.06282806,98.58090973,99.00373077,99.09832001,98.19931793,98.96233368
599.0065308,97.7722168,98.77650452,98.26422119,98.85177612,99.06726837,98.20515442,95.66712952,96.96964264,98.50196838,99.00457764,99.07472992,98.15122223,98.85385895
597.9650879,97.68598938,98.7935257,98.20832062,98.82762146,99.03497314,98.19618988,95.64305878,96.9146347,98.47462463,98.96665192,99.05646515,98.15198517,98.83372498
597.0722046,97.75262451,98.75639343,98.24517822,98.83992767,99.11480713,98.19018555,95.61837769,96.9067688,98.56494904,98.89526367,98.99960327,98.10211182,98.84187317
596.0302124,97.66729736,98.71006012,98.13837433,98.83364105,98.95309448,98.05846405,95.41545105,96.81624603,98.38419342,98.87610626,98.95881653,98.03263092,98.84241486
594.987915,97.60704803,98.77303314,98.11385345,98.84963989,98.96720886,98.07833099,95.41265869,96.77196503,98.46395874,98.92867279,98.97644806,98.0925293,98.82613373
593.9453735,97.65645599,98.71873474,98.08602142,98.8965683,99.04551697,98.06089783,95.37812042,96.73609161,98.40558624,98.91200256,98.97405243,98.01609802,98.76650238
593.0515747,97.57024384,98.6978302,98.0549469,98.8143692,99.01966858,97.99288177,95.22982788,96.64070129,98.35842896,98.92354584,99.03999329,98.04090118,98.82663727
592.0084839,97.48725128,98.70635986,98.02616119,98.75675964,99.0177002,97.93451691,95.17630768,96.56240082,98.29464722,98.79037476,98.93475342,97.9655304,98.69239807
590.9651489,97.54449463,98.68500519,98.04264069,98.82011414,99.03054047,97.93307495,95.13011932,96.58384705,98.31768036,98.8272171,98.9644165,97.96823883,98.71404266
590.0706177,97.47182465,98.68974304,97.97409821,98.73639679,99.0226059,97.85617828,95.04135132,96.48886108,98.27088928,98.81315613,99.00662231,97.95833588,98.79637146
589.0267334,97.43623352,98.7008667,97.98658752,98.81762695,99.05841064,97.91405487,94.95598602,96.47151947,98.29217529,98.79998016,98.94851685,97.91953278,98.74454498
587.982605,97.47377777,98.64790344,97.91630554,98.76539612,99.02531433,97.7519455,94.87010956,96.42316437,98.22077942,98.83104706,98.87301636,97.91092682,98.69689941
586.9381714,97.37547302,98.59951019,97.92338562,98.70954895,98.99990845,97.75029755,94.72283936,96.27613068,98.21315765,98.80173492,98.97660065,97.93984985,98.71885681
586.0427246,97.31000519,98.59767914,97.8234787,98.68157196,98.89863586,97.67695618,94.63555908,96.20989227,98.12522125,98.78331757,98.88312531,97.84623718,98.72921753
584.9978027,97.31822968,98.64139557,97.90898132,98.74331665,98.97383881,97.74767303,94.58008575,96.20174408,98.1248703,98.74356079,98.89481354,97.86908722,98.71098328
583.9525757,97.31031799,98.57766724,97.87400055,98.70768738,98.96778107,97.6574173,94.52777863,96.14528656,98.10182953,98.76655579,98.82641602,97.74362183,98.5602951
583.0564575,97.17197418,98.50898743,97.82559204,98.67498016,98.94281769,97.65162659,94.37373352,96.09098816,98.09230804,98.76921844,98.88457489,97.76899719,98.67759705
582.0107422,97.180336,98.52289581,97.81009674,98.66194916,98.8732605,97.583992,94.30387115,96.01714325,98.06152344,98.70503998,98.88890839,97.74391937,98.60238647
580.9647827,97.06687927,98.5265274,97.7623291,98.57520294,98.78739929,97.45857239,94.09403229,95.91763306,98.0533371,98.74861145,98.79666901,97.68288422,98.61743927
580.0679932,97.12081909,98.52320862,97.80577087,98.62375641,98.92149353,97.50470734,94.0487442,95.91989136,97.97364044,98.67560577,98.81129456,97.63612366,98.55822754
579.0214844,97.00217438,98.49983978,97.797966,98.65737915,98.91841888,97.51062012,93.96788025,95.86937714,98.00656128,98.6363678,98.74488068,97.58643341,98.53751373
577.9747314,96.90841675,98.36056519,97.71497345,98.55131531,98.76528168,97.31949615,93.72045135,95.60617065,97.89175415,98.62628174,98.79883575,97.6261673,98.52669525
576.9276733,96.89479828,98.4152832,97.7097168,98.54483032,98.79645538,97.33356476,93.66246796,95.61961365,97.85559082,98.614151,98.7779541,97.61367798,98.53108215
576.0299683,96.81971741,98.43618011,97.67056274,98.49219513,98.74702454,97.27114105,93.5918045,95.51068878,97.85231781,98.60579681,98.71481323,97.570961,98.48067474
574.9824219,96.82491302,98.39933777,97.6508255,98.54856873,98.76094055,97.24423981,93.42260742,95.47503662,97.82564545,98.59622192,98.70702362,97.51280212,98.45316315
573.9345703,96.7477951,98.35683441,97.68821716,98.51461029,98.79090881,97.22599792,93.30971527,95.4030838,97.78726959,98.56246185,98.6836319,97.49230194,98.44622803
573.0362549,96.68484497,98.28914642,97.65544128,98.46971893,98.69432831,97.15140533,93.16810608,95.29362488,97.73948669,98.52005005,98.69028473,97.43650055,98.4381485
571.987915,96.5904007,98.22420502,97.58382416,98.47706604,98.68447876,97.02882385,92.98270416,95.17633057,97.63790131,98.51425934,98.6572113,97.36013031,98.42999268
570.93927,96.54917908,98.25681305,97.5500412,98.44195557,98.63326263,96.98426819,92.88166046,95.07563782,97.63493347,98.43567657,98.6180954,97.28265381,98.39421082
570.0402832,96.51083374,98.27523804,97.57969666,98.36227417,98.63661957,96.93871307,92.75553131,94.99307251,97.57208252,98.45546722,98.5674057,97.2660675,98.36930847
568.9912109,96.32626343,98.12901306,97.50499725,98.33250427,98.54232788,96.81809998,92.5566864,94.87120056,97.5164032,98.35785675,98.5068512,97.15785217,98.23413849
567.9418335,96.33335876,98.1084137,97.42942047,98.34108734,98.54628754,96.78794098,92.3565979,94.75295258,97.47428131,98.36387634,98.51126862,97.16039276,98.28056335
567.0421753,96.22676086,98.09927368,97.425354,98.30171204,98.55211639,96.69746399,92.21283722,94.64966583,97.45323181,98.36727142,98.50004578,97.18431854,98.24594879
565.9923096,96.19035339,98.1432724,97.46104431,98.33569336,98.59130096,96.77618408,92.15345764,94.65385437,97.44554138,98.33475494,98.45414734,97.0674057,98.14310455
564.9421387,96.12043762,98.00533295,97.37266541,98.2124939,98.46302795,96.58101654,91.90254211,94.44739532,97.33934784,98.3155899,98.45384216,96.95046234,98.11379242
564.0418091,96.0351944,97.97909546,97.37077332,98.17831421,98.41365051,96.48591614,91.73674011,94.39009857,97.27942657,98.25048065,98.46232605,97.01063538,98.12554932
562.9912109,95.92673492,97.90886688,97.27653503,98.12495422,98.41868591,96.41914368,91.54920197,94.20851898,97.16967773,98.27455139,98.41701508,96.96334839,98.1330719
561.9403076,95.87431335,97.86363983,97.24929047,98.05497742,98.35168457,96.32463074,91.32305908,94.09365082,97.12505341,98.16657257,98.3336792,96.8232193,97.97637177
561.0393066,95.81752014,97.87234497,97.24047089,98.07312012,98.36334229,96.29311371,91.26094818,94.03900146,97.12123108,98.15354156,98.25538635,96.77545166,98.05452728
559.9879761,95.67650604,97.78751373,97.14983368,97.95833588,98.25408936,96.09430695,90.96381378,93.82302856,96.97489929,98.0120697,98.2162323,96.68256378,97.88864899
558.9362793,95.52859497,97.77619171,97.10697174,97.89510345,98.22762299,96.04265594,90.73249054,93.72241211,96.92964935,98.02750397,98.20770264,96.63954926,97.92710114
558.034668,95.52044678,97.74342346,97.13724518,97.92034912,98.21051788,95.97493744,90.60823822,93.59967041,96.92855835,98.00945282,98.17958069,96.57060242,97.87340546
556.9825439,95.41165161,97.65385437,97.01425934,97.80026245,98.13865662,95.81331635,90.30715179,93.43309021,96.815979,97.94026947,98.08188629,96.48125458,97.75686646
555.9301147,95.27986908,97.61083221,97.02368164,97.75844574,98.1068573,95.73517609,90.11445618,93.30312347,96.74571228,97.8736496,98.08406067,96.49346161,97.75909424
555.0278931,95.20194244,97.51288605,96.96868134,97.71411133,98.07508087,95.65670776,89.94870758,93.17987061,96.67719269,97.84079742,97.98783875,96.32279968,97.66269684
553.9749756,95.07807922,97.44837952,96.88663483,97.60930634,97.98493195,95.48875427,89.62501526,92.93070221,96.57351685,97.74811554,97.93483734,96.2869873,97.65798187
553.0723267,94.89816284,97.37815094,96.79065704,97.54637146,97.87917328,95.3505249,89.36730957,92.75624084,96.46400452,97.75924683,97.95682526,96.28826141,97.58824158
552.0189209,94.87358093,97.35290527,96.81643677,97.50389099,97.88934326,95.19867706,89.14639282,92.63185883,96.42584229,97.65920258,97.86790466,96.13983917,97.53277588
550.965332,94.71062469,97.24267578,96.67989349,97.37672424,97.78656769,95.12737274,88.84709167,92.44190216,96.27775574,97.64003754,97.8119278,96.06632996,97.41440582
550.0620117,94.65441895,97.2386322,96.66564178,97.39874268,97.78497314,95.06807709,88.6798172,92.32229614,96.23999023,97.57223511,97.78330994,96.00930786,97.38529205
549.0078735,94.4861908,97.1661377,96.5788269,97.28482819,97.68217468,94.84979248,88.35276031,92.14047241,96.15103912,97.48821259,97.721138,95.93516541,97.31944275
547.9534912,94.31845093,97.04693604,96.4754715,97.17953491,97.61789703,94.69181061,87.99047089,91.85249329,95.99808502,97.39058685,97.58349609,95.77219391,97.24360657
547.0495605,94.21901703,96.96728516,96.39324951,97.07234192,97.53739929,94.52848053,87.72380066,91.71341705,95.88635254,97.36473083,97.57006073,95.70201874,97.18186951
545.9946899,94.07409668,96.88689423,96.33550262,96.99004364,97.45848846,94.3583374,87.38851929,91.44258881,95.78964233,97.34030151,97.47396851,95.61949158,97.14264679
544.9395752,93.93068695,96.82624054,96.25921631,96.93460083,97.42588043,94.19017792,87.08464813,91.24871063,95.68222046,97.22038269,97.4262619,95.5009079,97.05071259
544.0349731,93.82652283,96.73849487,96.17275238,96.88234711,97.3943634,94.0610733,86.8478775,91.0990448,95.60297394,97.13996887,97.32405853,95.48069,96.98092651
542.9794312,93.65305328,96.6451416,96.10011292,96.77807617,97.33110809,93.89750671,86.46821594,90.84857941,95.48890686,97.03910065,97.22423553,95.28404236,96.84564972
542.0744019,93.52111816,96.5426178,96.01210022,96.7437973,97.22848511,93.74156952,86.17236328,90.64779663,95.38022614,96.98854065,97.1546402,95.21722412,96.80646515
541.0183716,93.35167694,96.43531799,95.91166687,96.63306427,97.13439178,93.49298096,85.75390625,90.37539673,95.21057892,96.85361481,97.069664,95.09194183,96.68558502
539.9620361,93.15027618,96.36732483,95.75791931,96.52054596,97.04511261,93.26828003,85.33334351,90.07891846,95.01888275,96.75514984,96.99613953,94.97099304,96.59811401
539.0563965,92.95496368,96.24684143,95.64450073,96.41945648,96.94795227,93.06826782,84.99682617,89.80554199,94.89580536,96.68453217,96.90438843,94.84620667,96.50804138
537.9996338,92.73444366,96.12635803,95.49773407,96.31591797,96.81291962,92.76593018,84.54624176,89.5009613,94.70683289,96.5994873,96.8265686,94.71846008,96.44099426
536.9425659,92.58148956,96.02349854,95.37284088,96.26239777,96.78555298,92.57506561,84.12605286,89.26472473,94.57997131,96.49494934,96.68041229,94.57222748,96.31570435
536.0363159,92.44315338,95.95217133,95.28271484,96.15777588,96.67467499,92.37757111,83.76151276,88.96498871,94.43323517,96.37267303,96.57872009,94.41306305,96.15274811
534.9788208,92.22762299,95.82113647,95.14420319,96.03927612,96.56535339,92.0899353,83.22473145,88.67202759,94.27281952,96.29190063,96.49989319,94.29618073,96.09302521
534.0722046,92.03346252,95.67294312,95.04466248,95.98343658,96.4906311,91.84590912,82.88983917,88.38161469,94.0975647,96.2258606,96.42275238,94.20452881,96.03738403
533.0142212,91.7322464,95.51940155,94.84186554,95.83982849,96.36251068,91.49452209,82.32866669,88.03892517,93.85555267,96.06607819,96.28665161,93.9930954,95.8575058
531.9559937,91.51074982,95.40515137,94.69464111,95.69567108,96.22989655,91.21533203,81.80183411,87.62338257,93.63643646,95.95983887,96.1960144,93.78425598,95.747612
531.0487061,91.28786469,95.25853729,94.54072571,95.58078766,96.1390686,90.91579437,81.3669281,87.3236084,93.45806122,95.8349762,96.08386993,93.67728424,95.68260193
529.9899902,91.06302643,95.17295074,94.38597107,95.5230484,96.00833893,90.61885834,80.78565979,86.93109131,93.23164368,95.72136688,95.95188904,93.50144196,95.53193665
528.9310913,90.84181976,94.95404053,94.19569397,95.40228271,95.9286499,90.23915863,80.28388977,86.59516907,92.9990921,95.54647064,95.77474976,93.31578064,95.36287689
528.0231934,90.59632874,94.8494873,94.0160675,95.27631378,95.81474304,89.89282227,79.67124939,86.19200897,92.76821899,95.40193176,95.65112305,93.11125183,95.23135376
526.9638062,90.30332184,94.69692993,93.82330322,95.11896515,95.67414093,89.54277802,79.12358856,85.77277374,92.55500793,95.28984833,95.54698181,92.93395233,95.1110611
526.055542,90.0483017,94.49782562,93.6282196,95.00310516,95.55500793,89.22157288,78.64749146,85.46382141,92.32111359,95.14224243,95.42538452,92.78912354,95.01260376
524.9956665,89.72135925,94.35625458,93.40652466,94.87202454,95.44221497,88.7897644,77.8812561,84.9727478,91.98075104,95.01380157,95.31768036,92.59460449,94.89354706
523.9355469,89.42492676,94.20863342,93.16194153,94.73924255,95.28509521,88.28105927,77.22311401,84.44553375,91.73049164,94.82919312,95.13024139,92.35485077,94.7171402
523.0266724,89.1335907,94.00119019,92.98722076,94.55662537,95.18177795,87.8812561,76.61138153,84.05038452,91.43900299,94.70569611,95.01498413,92.14907074,94.58451843
521.9660645,88.81578827,93.82330322,92.7396698,94.38719177,94.96794128,87.46225739,75.92370605,83.53890991,91.13600159,94.53770447,94.80844879,91.92021942,94.3920517
521.0568237,88.54414368,93.71696472,92.52680969,94.26933289,94.89122009,87.05245972,75.36109924,83.1980896,90.86454773,94.45411682,94.80818176,91.80966949,94.34060669
519.9957886,88.21886444,93.53634644,92.27715302,94.14846039,94.78248596,86.58298492,74.63925934,82.61241913,90.55056,94.20183563,94.57559204,91.51766968,94.07202911
518.9345093,87.82267761,93.28503418,91.94186401,93.95558167,94.54872894,85.91575623,73.72606659,82.06922913,90.09159851,93.95822144,94.40509033,91.23664093,93.9597168
518.0245972,87.50813293,93.11660767,91.76236725,93.75069427,94.43560791,85.46142578,73.05688477,81.54403687,89.79524231,93.82291412,94.19579315,91.07746887,93.78284454
516.9628906,87.20568848,92.97145081,91.49694061,93.74478149,94.38201904,84.9863739,72.3032074,81.06600952,89.46923828,93.67401886,94.12810516,90.80188751,93.69796753
516.0526123,86.82448578,92.74472809,91.21688843,93.4895401,94.19486237,84.41999054,71.61170959,80.54087067,89.1027298,93.47982788,93.94728088,90.5669632,93.47499847
514.9904175,86.46753693,92.55284119,90.94207001,93.37243652,94.04985046,83.86252594,70.79321289,79.96777344,88.69366455,93.26618195,93.83747864,90.34518433,93.30091858
513.9279785,85.96324158,92.31546783,90.53081512,93.11360931,93.86032867,83.15420532,69.84426117,79.29273224,88.22596741,93.02158356,93.58588409,89.9495697,93.10504913
513.0171509,85.55215454,92.10083771,90.28168488,92.91322327,93.66772461,82.50003052,68.98425293,78.70664215,87.78375244,92.81561279,93.44316101,89.7746048,92.96167755
511.9542847,85.22177124,91.95230865,89.98347473,92.81100464,93.56292725,81.89902496,68.19454956,78.10237885,87.399086,92.60375977,93.23842621,89.49529266,92.76855469
511.0430298,84.75415802,91.64342499,89.65795898,92.54889679,93.36359406,81.21048737,67.24628448,77.46959686,86.95636749,92.44659424,93.14439392,89.27967834,92.64382935
509.9797058,84.33612823,91.45063782,89.32543945,92.39967346,93.24710083,80.61207581,66.39413452,76.82639313,86.46237946,92.19629669,92.89715576,88.9025116,92.42037201
509.0680847,83.9454422,91.24506378,88.96224976,92.16661835,93.0834198,79.80610657,65.4473877,76.18538666,86.04753113,91.99371338,92.7544632,88.63199615,92.24533844
508.0043335,83.43960571,91.04969025,88.6401825,92.04048157,92.95307159,78.95565796,64.42344666,75.44251251,85.4959259,91.71625519,92.56669617,88.30382538,92.02574921
506.9403076,82.93806458,90.77494049,88.19783783,91.77067566,92.73943329,78.17517853,63.40803528,74.74638367,84.87950897,91.51729584,92.40312195,88.04193115,91.84692383
506.0281067,82.51321411,90.62380981,87.90904236,91.59213257,92.59390259,77.44903564,62.52336502,74.09181213,84.44254303,91.291008,92.19683075,87.73275757,91.75010681
504.9636536,82.03990173,90.36935425,87.48033905,91.35228729,92.46432495,76.59459686,61.41640091,73.34386444,83.88103485,91.01759338,92.0188446,87.43804169,91.53966522
504.0510559,81.54714203,90.12272644,87.1140213,91.13446045,92.28652954,75.74186707,60.48794937,72.58857727,83.3241272,90.78177643,91.86774445,87.08236694,91.34511566
502.986145,80.96349335,89.81352234,86.63031006,90.93349457,92.10869598,74.84607697,59.39119339,71.79572296,82.68872833,90.49028778,91.62511444,86.76045227,91.13033295
502.0731812,80.53044891,89.63858032,86.35328674,90.76681519,91.97064972,74.02613068,58.3794899,71.08133698,82.14810181,90.27747345,91.50601959,86.4487915,90.93476868
501.007843,79.89191437,89.31073761,85.80528259,90.41516113,91.80290985,72.9886322,57.18296814,70.21774292,81.46311951,89.99346161,91.31571198,86.15672302,90.77467346
499.9422607,79.31574249,89.03564453,85.29743958,90.20367432,91.60070801,71.90058899,55.92916489,69.32317352,80.73104095,89.75255585,91.1359024,85.75687408,90.60466003
499.0287476,78.78326416,88.84379578,84.89028168,89.99599457,91.41815948,71.0016098,54.94369888,68.56310272,80.12149048,89.44290161,90.93346405,85.399086,90.37967682
497.9627075,78.27627563,88.64723969,84.47271729,89.82023621,91.3014679,70.0026474,53.84886169,67.78056335,79.48011017,89.20662689,90.77979279,85.11787415,90.17935944
497.0487976,77.7309494,88.34134674,84.00399017,89.60424805,91.12332153,69.10218811,52.81984329,66.98040771,78.78655243,88.90807343,90.54811859,84.71964264,90.01663208
495.9823608,76.97434998,87.97412109,83.37805176,89.29945374,90.92472839,67.73609924,51.39554596,65.92092896,77.93436432,88.61142731,90.41726685,84.3143158,89.80451202
495.0680542,76.35424805,87.74085236,82.90447235,89.00411987,90.75785065,66.71151733,50.28381348,65.01305389,77.21702576,88.26081848,90.19819641,83.93800354,89.58602142
494.0011902,75.67066956,87.44244385,82.31652069,88.73462677,90.55134583,65.41958618,48.87234116,63.99030685,76.31136322,87.95289612,90.05943298,83.54801178,89.38437653
492.9340515,75.15130615,87.18274689,81.88424683,88.58718109,90.40396118,64.48284912,47.82704544,63.19102478,75.62688446,87.6316452,89.81147766,83.13981628,89.17544556
492.0191956,74.62628174,86.97197723,81.42698669,88.35730743,90.32022095,63.54528046,46.90989685,62.50305176,75.00592041,87.42870331,89.64831543,82.84487915,89.05670166
490.9516602,73.7729187,86.61465454,80.722229,88.06720734,90.11031342,61.99345398,45.4016037,61.25498962,73.91736603,86.99669647,89.42297363,82.32840729,88.78681946
490.036438,73.0788269,86.30342102,80.0905838,87.7525177,89.93826294,60.78137589,44.11227036,60.23871994,73.02568054,86.67990875,89.27302551,81.89909363,88.56308746
488.9684448,72.32414246,85.97103119,79.44419098,87.4455719,89.68910217,59.38845825,42.8228035,59.18156052,72.04941559,86.29781342,89.02526855,81.44080353,88.39349365
488.0528564,71.74745178,85.70830536,78.87741089,87.25697327,89.57431793,58.37123489,41.86031342,58.36569214,71.2931366,86.00514221,88.85965729,81.11683655,88.18371582
486.984436,70.94882965,85.38064575,78.24591827,86.93681335,89.3720932,56.93629837,40.45350266,57.24093246,70.35449219,85.61277771,88.66053772,80.60562134,87.98892975
486.0684814,70.21272278,85.08891296,77.53666687,86.62466431,89.19645691,55.55974197,39.22478867,56.13054657,69.31916809,85.1727066,88.4633255,80.08824921,87.7517395
484.9996643,69.36074066,84.73295593,76.78128815,86.291008,88.95837402,54.09118652,37.80548859,55.01982117,68.21881866,84.79736328,88.20687866,79.65249634,87.51023102
483.930603,68.56408691,84.37126923,76.13365936,86.02428436,88.83544922,52.69073868,36.5361557,54.0122757,67.19121552,84.38475037,87.94948578,79.13455963,87.30262756
483.0140686,67.80952454,84.03929138,75.40571594,85.69100189,88.65774536,51.37134933,35.38957977,52.87156677,66.15042114,84.03187561,87.85145569,78.72567749,87.1484375
481.9445801,66.89575195,83.63223267,74.54698181,85.34070587,88.38074493,49.77630234,34.06522751,51.72208405,65.00643921,83.54872894,87.56835175,78.14632416,86.83951569
481.02771,66.26573944,83.41817474,73.94407654,85.10190582,88.24090576,48.62510681,32.99495316,50.8057785,64.07395935,83.1211853,87.38182068,77.67297363,86.67236328
479.9577942,65.18042755,82.93449402,72.95285797,84.68475342,88.02732849,46.70113754,31.40810776,49.34486389,62.62215805,82.54901123,87.06771088,76.98966217,86.2963028
479.0405579,64.37606049,82.62857056,72.2379837,84.37300873,87.8115921,45.37749481,30.28881454,48.32025909,61.61159897,82.18387604,86.90820313,76.51461029,86.13217163
477.9702148,63.55655289,82.2738266,71.4365387,84.10299683,87.71162415,43.94249725,29.09768867,47.21653748,60.45783615,81.69920349,86.69031525,75.96624756,85.90816498
477.0526123,62.74785233,81.93260956,70.64559174,83.68560791,87.4695816,42.61514664,27.99323463,46.11242676,59.35639572,81.36447906,86.51342773,75.55242157,85.72695923
475.9818726,61.75600433,81.46631622,69.70452881,83.31326294,87.26354218,40.99814987,26.76953125,44.95548248,58.05149078,80.78404999,86.24228668,74.93317413,85.474617
475.0639038,60.76161957,81.08140564,68.71173859,82.98220825,87.05109406,39.41409302,25.46229744,43.64515686,56.74312592,80.21401978,85.98388672,74.2278595,85.17261505
473.9927368,59.78248596,80.62229156,67.74928284,82.4720993,86.80415344,37.79673767,24.21196938,42.38817215,55.38399124,79.67175293,85.72192383,73.57257843,84.8468399
473.0744324,58.98520279,80.23513031,66.93595886,82.12164307,86.63123322,36.46768188,23.24662971,41.3914566,54.22386932,79.1654892,85.51782227,73.06486511,84.61076355
472.0028381,57.89388275,79.73802948,65.85739136,81.70398712,86.37647247,34.80749893,22.02640152,40.04378128,52.81882858,78.58361816,85.24505615,72.37232971,84.36034393
470.9310608,56.91339874,79.3338623,64.8584671,81.26818848,86.16726685,33.34017563,20.89444923,38.85684586,51.41724396,78.01263428,84.9577713,71.77012634,84.07108307
470.0121765,55.99938583,78.93991089,63.95576477,80.81637573,85.98031616,31.95472336,19.83937263,37.71643829,50.10941696,77.41400909,84.71378326,71.07544708,83.8238678
468.9399719,54.85035324,78.39243317,62.78332901,80.34067535,85.70402527,30.26705742,18.64634514,36.40394592,48.60200882,76.79147339,84.44365692,70.38541412,83.5345993
468.020752,54.00868607,78.02306366,61.87458038,79.99237823,85.53942871,29.02087212,17.79711914,35.3737793,47.4895134,76.26158905,84.2088623,69.80093384,83.27983856
466.9481506,52.91954803,77.53250885,60.69717407,79.52215576,85.33335114,27.37018394,16.65725136,34.11189651,45.89801788,75.51031494,83.82103729,69.06411743,82.96557617
466.0285645,51.97459412,77.0922699,59.75283432,79.1109314,85.12150574,26.21567154,15.80283642,33.07595062,44.7216835,75.04277039,83.67246246,68.51509094,82.74111938
464.9555359,50.84206009,76.51804352,58.48985291,78.52065277,84.78296661,24.58216286,14.78763676,31.78171158,43.12167358,74.28585052,83.36711884,67.7008667,82.40964508
464.0356445,49.87040329,76.11035919,57.4380455,78.07395935,84.60839081,23.34771538,13.9525547,30.71942711,41.86305237,73.59558868,83.07791138,66.98099518,82.08734894
462.9621887,48.77669907,75.5872345,56.29390335,77.58435059,84.36490631,21.94815636,13.07160091,29.49936676,40.35203171,72.96702576,82.82181549,66.31825256,81.84568787
462.0419312,47.78069687,75.13442993,55.2013855,77.1679306,84.19366455,20.76291847,12.26577377,28.5189209,39.05446625,72.2311554,82.48246765,65.57714081,81.50993347
460.9680786,46.68067551,74.61426544,54.02452469,76.67861938,83.93795776,19.49060631,11.43684196,27.34384537,37.63893127,71.60738373,82.22168732,64.86945343,81.21656799
460.0474854,45.80446625,74.10546112,53.0835762,76.1424408,83.70553589,18.41310501,10.81422901,26.42582893,36.42950821,70.97940063,81.95207977,64.22885132,80.95630646
458.9732361,44.7253685,73.5825882,51.74722672,75.62401581,83.49697876,17.13345718,9.983466148,25.26631737,34.96264267,70.05656433,81.5446167,63.3108902,80.57788086
458.0522766,43.63623047,73.01934052,50.60475922,75.01172638,83.23831177,15.97224426,9.270213127,24.19028664,33.5488739,69.42916107,81.32003021,62.6105423,80.26650238
456.9776306,42.52649689,72.44195557,49.23585129,74.4675293,82.95449829,14.74474335,8.507561684,23.02719307,32.01452637,68.53257751,80.91488647,61.74995422,79.87214661
456.0563354,41.49216843,71.96048737,48.05156326,73.92536163,82.70848083,13.69776154,7.92634201,22.03654099,30.73781395,67.80994415,80.6782608,61.06867981,79.62664032
454.9812927,40.28252792,71.33731842,46.72853088,73.32718658,82.45423126,12.62623024,7.286161423,20.97540283,29.24421501,66.8729248,80.24314117,60.14441681,79.21161652
454.0596313,39.44185257,70.80540466,45.75712585,72.82468414,82.1696701,11.7970686,6.826061249,20.1247673,28.15205765,66.17251587,79.9644928,59.38408279,78.92825317
452.9841919,38.26327515,70.18717957,44.43215561,72.18666077,81.91163635,10.84185123,6.217444897,19.14374924,26.77455521,65.34239197,79.59179688,58.54950714,78.60665894
452.0622253,37.25875473,69.66884613,43.1752739,71.554245,81.70894623,9.935966492,5.713581085,18.22814369,25.43995285,64.55867767,79.29348755,57.84373474,78.2669754
450.9863586,36.06028366,69.01118469,41.78316498,70.86120605,81.38319397,9.032710075,5.185788155,17.17798233,24.10810089,63.56037903,78.9617157,56.87014389,77.85186768
450.0640564,35.13477707,68.43357086,40.65828323,70.34326935,81.15892029,8.347554207,4.794339657,16.40839386,22.99361801,62.835495,78.6068573,56.16333389,77.55664825
448.9878235,34.1423378,67.88845062,39.42241287,69.71007538,80.88813782,7.594857216,4.387979031,15.58982086,21.77502823,61.92131805,78.25964355,55.27981567,77.19541931
448.065155,33.194767,67.32585144,38.28593445,69.14897156,80.61862183,6.959487438,4.028085709,14.83255768,20.70340538,61.0653801,77.95101166,54.485672,76.87492371
446.9885254,32.03477097,66.62197113,37.00265503,68.37116241,80.34388733,6.230362415,3.627488375,13.95629978,19.42753029,60.11019516,77.54280853,53.63705826,76.48203278
446.0655518,31.1195488,66.00540924,35.80472183,67.76822662,80.09349823,5.672821999,3.324415922,13.17170525,18.31606102,59.30554199,77.19224548,52.80007553,76.1337204
444.9885254,29.98645401,65.37200928,34.33480072,66.97914886,79.75161743,5.026358128,2.970024586,12.33381748,17.11457443,58.23987579,76.80474854,51.86470795,75.70913696
444.0651855,29.18244934,64.85070801,33.42251205,66.463974,79.54829407,4.608112335,2.741814852,11.78367901,16.21086693,57.43211365,76.48683167,51.1400032,75.41046906
442.987793,28.1434803,64.16475677,32.15278244,65.74369812,79.23018646,4.098933697,2.480218887,11.04816628,15.16743183,56.40500259,76.05819702,50.21439743,74.96385193
442.0641174,27.1783886,63.53606033,30.89104843,64.99467468,79.02462769,3.629574299,2.214126587,10.36508369,14.17579174,55.49694824,75.66512299,49.43703842,74.60800934
440.9863281,26.09120369,62.81362152,29.55428314,64.20240784,78.60974121,3.191899061,1.990832925,9.650882721,13.0787344,54.42261505,75.20269012,48.36405182,74.13579559
440.0623169,25.18539429,62.07711792,28.42559433,63.47776031,78.31703186,2.84662652,1.785594225,9.069150925,12.2557106,53.50387573,74.83644104,47.57447815,73.81401062
438.9841309,24.32874298,61.42741394,27.27094841,62.6973381,78.00476074,2.52634263,1.599220991,8.504447937,11.30803776,52.46144485,74.39109802,46.6594162,73.36871338
438.0598145,23.57999992,60.92975235,26.3392868,62.11168289,77.76358795,2.281688929,1.466025829,8.028100014,10.70191765,51.59275436,74.01464081,45.8819809,72.96737671
436.9812622,22.45233536,60.05793381,24.95907021,61.15276718,77.37154388,1.960159779,1.287179947,7.411063671,9.74696064,50.42147827,73.47766113,44.81256104,72.46193695
436.0566101,21.59220505,59.31441879,23.84820938,60.30628586,76.93274689,1.70415616,1.152965188,6.893523216,8.993882179,49.42249298,73.02502441,43.9552803,72.01100159
434.9776611,20.66078568,58.53015137,22.7089386,59.47590637,76.54398346,1.485744357,1.03813827,6.329871178,8.212770462,48.24397278,72.44165039,42.97189713,71.4969101
434.0526733,19.93471527,57.89369965,21.75560951,58.72769928,76.20339966,1.314113736,0.9371624589,5.98028326,7.673369884,47.43001556,72.04005432,42.19881439,71.0519104
432.9733582,19.04181862,57.08781052,20.66481018,57.83117294,75.74557495,1.160377979,0.841055274,5.533726215,6.994481564,46.29588699,71.49138641,41.24608994,70.49564362
432.0480347,18.23258018,56.29479218,19.59584236,56.94004822,75.27055359,1.025038123,0.7415485978,5.116092682,6.38687849,45.11996078,70.81787109,40.27375412,69.90314484
430.9683228,17.24034309,55.2807579,18.37818527,55.79169464,74.67871094,0.8542619944,0.6349384785,4.659002781,5.682249069,43.8567543,70.13613892,39.16793442,69.21330261
430.0426941,16.52113724,54.50966263,17.43383217,54.8853035,74.19390106,0.743719995,0.5860164165,4.343811989,5.244348049,42.73481369,69.49095154,38.20537186,68.58306122
428.962616,15.72145081,53.61153412,16.43672371,53.87212753,73.58699036,0.6506307125,0.5138900876,3.974435091,4.710800648,41.57132721,68.80577087,37.27832794,67.89086151
428.0366821,15.11273861,52.91743851,15.68289948,53.12036133,73.10829163,0.5702504516,0.48023206,3.702776432,4.346092701,40.70232391,68.26422882,36.54227066,67.40884399
426.9562073,14.31448269,51.90852356,14.66296959,51.92753601,72.38766479,0.4839868844,0.4215451777,3.389891148,3.873280764,39.33349991,67.36301422,35.35599136,66.55083466
426.0299377,13.52563095,50.85352707,13.70133495,50.76196671,71.6190567,0.4157381654,0.3687954247,3.061166525,3.449855089,38.17198944,66.57185364,34.36899948,65.77664948
424.9490967,12.84689331,49.89461899,12.82495403,49.671875,70.88725281,0.3637009561,0.3421665728,2.815562248,3.101492643,36.91265106,65.69878387,33.28671265,64.90792084
424.022522,12.18779278,49.0091362,12.04080486,48.63411331,70.09040833,0.3117965758,0.308119297,2.607783794,2.792742729,35.89492035,64.89793396,32.48095703,64.17035675
422.9413147,11.52339172,47.89935684,11.23566532,47.44490433,69.28936768,0.2875705063,0.2936943769,2.360784531,2.502831459,34.67237091,63.93008804,31.44053841,63.24430847
422.0144043,11.03949451,47.05710602,10.64309311,46.48708725,68.56900787,0.2605296969,0.2696143091,2.191767693,2.281112909,33.52215195,62.99573898,30.54983902,62.34647751
420.9328308,10.27735424,45.7392807,9.740436554,45.04358292,67.36045074,0.2442689389,0.2486534864,1.982345104,1.963516831,32.17929077,61.79529953,29.33812714,61.18116379
420.0056152,9.774482727,44.753685,9.101613998,43.86820221,66.44255829,0.2227548808,0.2331642509,1.808734417,1.775614023,31.00182724,60.7053833,28.36319542,60.14300537
418.923645,9.163655281,43.56578064,8.421181679,42.57075882,65.28244781,0.1969011724,0.2245707661,1.657418013,1.561271429,29.82886505,59.52288437,27.36946106,58.9750061
417.9961243,8.680681229,42.52407837,7.822667599,41.42638016,64.21949768,0.1765716523,0.2277880907,1.519138217,1.391945124,28.87572289,58.57170105,26.57717133,58.07384872
417.0684204,8.18519783,41.48777771,7.243131638,40.28776932,63.18418503,0.1918893754,0.1988599002,1.383474708,1.259905696,27.6006813,57.27696991,25.47696877,56.7737236
415.9859619,7.525954247,39.93130875,6.510764122,38.56560898,61.45422363,0.1680188179,0.1743688881,1.235260367,1.057679892,26.11680412,55.62108231,24.24773216,55.21095276
415.0579529,7.084929943,38.77088165,6.00898695,37.35055923,60.22994995,0.1476699561,0.1859379709,1.133845448,0.9524834156,25.06520844,54.35466766,23.34334373,53.97732162
413.9751282,6.596867085,37.42589188,5.479973793,35.88416672,58.73119736,0.1461421549,0.1698513925,1.006784439,0.8268849254,23.77910995,52.79278183,22.25582504,52.48829651
413.046814,6.169305801,36.2543869,5.07681036,34.54664993,57.37046051,0.1366456747,0.160027191,0.9137884974,0.7139943242,22.91009331,51.62944031,21.47622299,51.37179565
411.9635925,5.704836369,34.8531723,4.551139832,33.13707352,55.71767807,0.133140251,0.1563587338,0.8253393769,0.6416144371,21.55522919,49.8377533,20.30578041,49.61865997
411.0349731,5.284831524,33.47105408,4.10104847,31.59474182,53.98877335,0.1263107806,0.1529160887,0.7542896271,0.569201827,20.29266548,48.09947968,19.23080444,47.93812943
409.951416,4.875706673,32.02002335,3.693351507,30.0922184,52.11069489,0.1303971112,0.1638770998,0.6595906615,0.4938610494,19.14195633,46.38581085,18.20977783,46.19692612
409.0224915,4.545521259,30.86792755,3.39914608,28.79545975,50.61491013,0.1220171824,0.1384624839,0.618631959,0.452619046,18.12672234,44.89607239,17.33559608,44.71746826
407.9385681,4.162610531,29.30745506,3.025863171,27.22087479,48.67126465,0.138955012,0.1471836865,0.5519980788,0.3742390871,17.07208252,43.15433121,16.43960571,43.02026749
407.0093384,3.889938116,28.23359108,2.77189064,26.12020874,47.16135788,0.1385251582,0.1406400055,0.4985204339,0.325950861,16.146595,41.58779526,15.57778168,41.51577759
405.9250488,3.530572414,26.51259995,2.439127207,24.3336525,44.80863953,0.1177351698,0.1293681711,0.4673785567,0.3007867634,14.80916405,39.24546051,14.38777924,39.16424179
404.9955139,3.240194798,25.1707592,2.190057755,23.00817108,42.76980591,0.1200610325,0.1366643012,0.4117472172,0.2813591063,13.89753246,37.55275345,13.57342625,37.50437164
404.0658264,2.988123417,23.8687706,1.972889304,21.71998024,40.98690033,0.1298029572,0.1254649162,0.3831948638,0.2520102262,13.01595306,35.80315018,12.74160862,35.79058838
402.9810486,2.696153402,22.35166359,1.707773447,20.13469696,38.69939041,0.125375554,0.1205419302,0.3695552647,0.2047345042,12.05354023,33.91959763,11.86865234,33.90287781
402.0510559,2.476896286,21.19424438,1.566741943,18.9668045,36.9629631,0.1248212159,0.1309412569,0.3175218701,0.1993769556,11.24718189,32.18712616,11.09039974,32.13520813
400.9659119,2.199506998,19.43647194,1.336220503,17.30324364,34.29086304,0.1217952967,0.1282292604,0.2782845497,0.1829108,10.04863644,29.61992073,10.02427101,29.63471031
400.035614,2.001356602,18.08400154,1.169922948,15.91460419,32.04681396,0.1227636784,0.1197486967,0.2614741921,0.1792636067,9.250337601,27.80524445,9.272842407,27.77054214
398.9501343,1.796643257,16.72279739,1.036308646,14.66489315,29.93585396,0.1326385289,0.1458513141,0.2532203794,0.1652411968,8.381322861,25.7253952,8.466770172,25.81045341
398.0195313,1.611485362,15.42017269,0.8902740479,13.42685413,27.76029205,0.0838983655,0.1141432524,0.2328576297,0.1457186341,7.694738388,24.01180077,7.797516346,24.06678581
396.9336853,1.415348053,14.06835651,0.7895259857,12.14642715,25.5092659,0.1114818603,0.1211684644,0.1939879209,0.1206938326,6.900975227,21.96037674,7.021100998,21.95242882
396.0028076,1.277626157,12.83531761,0.6791957021,10.98912811,23.29756737,0.1131841093,0.1254422069,0.2035718858,0.1473785192,6.164435863,19.86870575,6.270323753,19.92217636
395.0717773,1.149534583,11.59136772,0.6054028869,9.923260689,21.3371315,0.1184211224,0.118413195,0.1864818186,0.1536673903,5.599814415,18.24052238,5.697376251,18.38385201
393.9854431,1.027310729,10.37055016,0.5127856731,8.815177917,19.24725151,0.1036435142,0.1214532331,0.1835763305,0.146239534,4.925514221,16.50708771,5.062477112,16.53963089
393.0541077,0.9025365114,9.321576118,0.4583271742,7.847130299,17.34339523,0.1268196404,0.1240152717,0.153982237,0.1377376914,4.412559509,14.84701633,4.543485165,14.90777302
391.9674072,0.8001516461,8.334303856,0.4078222513,6.967434883,15.59230709,0.1275128871,0.1249696389,0.1697841883,0.1252366155,3.930041552,13.30315208,4.039363384,13.27114677
391.0357971,0.7116780877,7.357153416,0.3701894879,6.116393566,13.77311516,0.117171824,0.1243337095,0.1636740416,0.1366032958,3.381257534,11.59008884,3.488504887,11.62136173
389.948761,0.5969122648,6.356514931,0.3057920039,5.199296474,11.90741253,0.1058322266,0.130421102,0.1661853194,0.1214562207,2.896157503,10.03300285,3.003083229,10.0432682
389.0168457,0.5233982205,5.602778435,0.2596021891,4.520709515,10.51708031,0.112469323,0.1197959632,0.1287866682,0.1002532989,2.556303978,8.900084496,2.633394003,8.886781693
387.9294739,0.463662535,4.774338722,0.2418265939,3.864016294,9.086010933,0.1151249632,0.1541178972,0.1404622793,0.1175309196,2.173746109,7.633119106,2.223428249,7.661062241
386.9972839,0.4383635223,4.180263996,0.2146412879,3.348023415,7.871690273,0.1306111217,0.125696823,0.1317555159,0.1137763262,1.822853446,6.758942604,1.986885786,6.785742283
386.0649414,0.3895753026,3.51687932,0.1984938681,2.805912018,6.750371456,0.1155611798,0.1437027305,0.1410555989,0.09318056703,1.600715876,5.597290039,1.636406064,5.665580273
384.9770813,0.3344755173,2.906849146,0.1753094792,2.32334137,5.523032188,0.1248392984,0.1188321635,0.1404445916,0.1075825542,1.342167258,4.662877083,1.390015721,4.677584171
384.0444641,0.3025389016,2.489930391,0.1852129102,1.99698472,4.737596512,0.1388247311,0.1341793537,0.1502426565,0.1074981764,1.158836365,4.004796028,1.202642798,4.01881361
382.9562378,0.2503351867,2.03395462,0.149076879,1.593888164,3.817392111,0.110175319,0.123007305,0.1206608489,0.1310681254,0.9593437314,3.219469309,0.9829201698,3.243500471
382.0233154,0.2484796792,1.706890345,0.1635601223,1.371051669,3.219829559,0.09830761701,0.1271782964,0.121174857,0.1173219308,0.8505840898,2.785650969,0.8743464947,2.762250662
380.9347839,0.2183412462,1.367832541,0.1645466238,1.070073843,2.499111652,0.1200181693,0.1361109763,0.1260543168,0.1332877278,0.6901341677,2.135687828,0.6824634075,2.14221859
380.0015869,0.2037643492,1.116809368,0.137332812,0.8488547802,2.006146908,0.1019546539,0.1291241497,0.1337251663,0.1111187637,0.5867533684,1.701580524,0.5477486849,1.707032323
379.0682678,0.1755413115,0.9138999581,0.09878542274,0.6979304552,1.618820786,0.1034589037,0.09293139726,0.1403884292,0.1122099683,0.4552994967,1.408411145,0.4607301652,1.380747199
377.9792175,0.1800398529,0.7374492288,0.1312889755,0.5847496986,1.285700917,0.1243838668,0.127696842,0.1299759299,0.1128074601,0.41141361,1.143477082,0.4006561935,1.107141018
377.0456238,0.1702573448,0.6246830225,0.1276244074,0.4827771187,1.067118526,0.1223422214,0.1592457592,0.1380509883,0.1318928003,0.3500761092,0.9229475856,0.3387874067,0.9160728455
375.9562378,0.1456195861,0.4799439013,0.1255611479,0.4009882808,0.7811897993,0.1582783014,0.1227138788,0.1231475174,0.1073662788,0.2895660102,0.6834427118,0.2863504887,0.6904247403
375.0223694,0.1672950983,0.3899590969,0.1245529503,0.3009131253,0.6126773357,0.1169339642,0.1429522038,0.1437679231,0.1401325166,0.2695194781,0.5107494593,0.2586443126,0.5318193436
373.9326477,0.1628326178,0.3355837762,0.1402482837,0.2695222497,0.4936670363,0.1211054623,0.1486650258,0.1662985235,0.1316544414,0.2370218337,0.4308958948,0.1830029786,0.4106009007
372.9984741,0.128367871,0.2613759041,0.1124681756,0.2113491297,0.3243520558,0.1271825582,0.1298663616,0.1160761341,0.1000671983,0.1977809221,0.3407558203,0.1980879754,0.3108683527
372.0641785,0.1406510025,0.2118800282,0.08609841019,0.1930492222,0.3006267846,0.1175086349,0.1442054659,0.1267646253,0.1401252747,0.1895000041,0.2863063216,0.1732804179,0.2776350379
370.973999,0.09879522026,0.1750517935,0.1028951705,0.1660662144,0.2509836257,0.1370117962,0.1133949757,0.1623260975,0.1053562239,0.1788168997,0.227542147,0.1441670358,0.223524496
370.0394287,0.122427769,0.2043097019,0.1218565404,0.1541176289,0.1844198257,0.1133416668,0.127213344,0.1079139858,0.1061529592,0.1354870796,0.2046231478,0.1258902997,0.2041238993
368.9489441,0.1238803491,0.1814959198,0.09973740578,0.1220162585,0.1746890396,0.1171750948,0.1378477663,0.1344470084,0.128916204,0.1188588589,0.1252039224,0.1228312254,0.1314422637
368.0140686,0.135623917,0.1454839855,0.1195890382,0.1261484176,0.1399923116,0.1193633899,0.1159564927,0.1642058194,0.1128605008,0.1210000962,0.1394639909,0.1195614934,0.1416710615
366.9232483,0.09410829097,0.1323402524,0.07956770808,0.1249785423,0.1119927242,0.1168612987,0.136639908,0.1148320511,0.1012393758,0.113734059,0.1222139895,0.1161082983,0.1243280247
365.9881287,0.1502013952,0.1236506179,0.1366633475,0.1238755658,0.1527290046,0.09830890596,0.1252249032,0.1425772607,0.10500025,0.1260349303,0.143790096,0.1185599566,0.1686055958
365.0528564,0.1121406406,0.1392447352,0.1001870409,0.1227986515,0.1334045082,0.1062521711,0.1205045506,0.1088671982,0.1046960577,0.1367274672,0.1194734797,0.1320402473,0.1562562585
363.9615784,0.09838142246,0.120835878,0.09539265186,0.09450883418,0.1105499789,0.1001904011,0.1088654473,0.1087462381,0.09451464564,0.1136413515,0.1373073608,0.1188743711,0.1315078288
363.0260315,0.1190572977,0.1157193109,0.1027099565,0.1019914076,0.1126500815,0.1218852028,0.1275874376,0.1206335872,0.1127011254,0.141729787,0.127058655,0.1198786423,0.1319516748
361.9344177,0.1337667108,0.1241140887,0.1128421724,0.1215978265,0.09829511493,0.1274397075,0.1113109887,0.1035758555,0.1044386029,0.1555706114,0.1545321047,0.1466502845,0.1345698237
360.9986267,0.1219976544,0.1335743219,0.118925944,0.1015570164,0.1213161051,0.1171542332,0.1309845895,0.1335888952,0.1282916367,0.1493223757,0.1112234071,0.1291202009,0.1669633687
360.0626831,0.1180300489,0.1193342283,0.1004504859,0.1150511354,0.1104192808,0.09772257507,0.08674671501,0.09442865103,0.1061636135,0.1405103952,0.1389286667,0.1402937174,0.1185923964
358.9706116,0.1328637898,0.1216987297,0.1050437316,0.1113789156,0.1113680899,0.111776799,0.1164334938,0.1071665213,0.08643637598,0.1377126724,0.1129998937,0.1148557737,0.1298885047
358.0344238,0.1317467093,0.1256186515,0.1193019897,0.1223853305,0.1074797213,0.1205484644,0.1468351483,0.150270775,0.1127289012,0.1585100293,0.1607436538,0.136757344,0.1508378834
356.9420471,0.1302256435,0.1104847044,0.09838660806,0.09171445668,0.09769380838,0.1225780025,0.1270743608,0.1352295727,0.09427900612,0.122820355,0.1193549484,0.1378600001,0.1515833437
356.0055847,0.1005624309,0.1036298424,0.1214688644,0.09615469724,0.1102389321,0.1153147668,0.1231938154,0.08070390671,0.1037114039,0.1639943868,0.1313042641,0.1393257976,0.1306502521
355.0689697,0.07809477299,0.112207666,0.1082073301,0.1063854396,0.1017685607,0.1272650361,0.1312417984,0.1075445935,0.09503734857,0.1251360029,0.1153498292,0.1380553991,0.1354856342
353.9761353,0.1183651388,0.1280258745,0.1124312952,0.131912753,0.1190650165,0.09626242518,0.1446177065,0.1321261376,0.105117403,0.152545765,0.1237272322,0.115268372,0.1272954643
353.0392761,0.1309182197,0.1253250092,0.1032166332,0.102915898,0.09480976313,0.1209470108,0.123691313,0.1165791899,0.09473300725,0.1093313321,0.1025366485,0.0841229409,0.1123735085
351.9461365,0.1129608005,0.1358610988,0.08720323443,0.1101837382,0.09565716237,0.1240890697,0.1207610369,0.1239486635,0.115660429,0.1032189727,0.1174648628,0.09407431632,0.1281576902
351.0090027,0.07506100088,0.1238073483,0.06772429496,0.1409837455,0.08259738982,0.1010834277,0.1251765639,0.1294295639,0.1392776072,0.08797299117,0.1159516722,0.1088882536,0.1081236154
350.0717773,0.1502668262,0.1378642023,0.1069572419,0.1108503193,0.1345532537,0.09072328359,0.1385132372,0.1203315482,0.07991324365,0.1434401423,0.1155077368,0.08285307884,0.1078118905
348.9781799,0.09796854854,0.1381125301,0.1132441685,0.0891847983,0.09483813494,0.1149415299,0.1014278233,0.1141835004,0.08907271922,0.1083418578,0.125242427,0.09437514096,0.1548668593
348.0406799,0.09078246355,0.09144992381,0.1280782223,0.07584080845,0.1148175299,0.09359149635,0.1185348853,0.1071833447,0.1257126033,0.1251933873,0.1156831756,0.1340424716,0.1165578365
346.9467468,0.1190104261,0.08769587427,0.07659852505,0.1028835326,0.09764532,0.1035723388,0.1167951152,0.1053957641,0.08929482102,0.1186938584,0.1130642965,0.1198150218,0.1141532436
346.0090027,0.09077263623,0.1206526682,0.0879663229,0.08773292601,0.09821816534,0.09571784735,0.1025297642,0.1027939692,0.0973604545,0.09939059615,0.1244277582,0.1036500782,0.1077628136
345.071106,0.1292675883,0.1154248565,0.09647659957,0.08701097965,0.09934724867,0.09818381071,0.104568243,0.1167609468,0.08812268823,0.1151044071,0.1047168821,0.1466285735,0.1550468802
343.9767761,0.12758331,0.1050252691,0.06584016234,0.1127783209,0.1069510356,0.1223211661,0.1081981808,0.1118702218,0.1032702625,0.1151560247,0.097441338,0.1052803919,0.09974905103
343.0386047,0.07625158131,0.1095901802,0.09841097146,0.1063485518,0.1013371274,0.09279577434,0.09633371234,0.1072163731,0.07446923107,0.1020868272,0.09635512531,0.1042159721,0.08282577246
341.9439697,0.1190145165,0.08937762678,0.09901820123,0.06890006363,0.1090230569,0.09838496149,0.08436456323,0.08075156063,0.09731995314,0.07700338215,0.118832849,0.1089417338,0.105971083
341.0055542,0.1090798676,0.1021835133,0.08955655247,0.0646808967,0.09081320465,0.1117981374,0.11280974,0.07353139669,0.07656499743,0.09022338688,0.09195318818,0.08779367805,0.1292163879
340.0670471,0.09353917837,0.1027841121,0.0868626982,0.09411978722,0.07860735804,0.1243959442,0.1016584709,0.1000454202,0.1041286364,0.1321539879,0.1311025172,0.1013149843,0.1091350093
338.9719543,0.08039734513,0.1270698905,0.06727411598,0.07763115317,0.1189817339,0.09338261187,0.1017083377,0.08714257926,0.103136465,0.09754330665,0.09074441344,0.0924589783,0.08619168401
338.0332031,0.1102005392,0.1097690463,0.09917995334,0.09953479469,0.1066408008,0.103885591,0.1196782812,0.07236651331,0.07234049588,0.09861052036,0.1053840742,0.09597440064,0.09318077564
336.9378052,0.09547332674,0.08772557974,0.09083274752,0.0750849396,0.1024348214,0.08111560345,0.1086374149,0.07655608654,0.08159768581,0.07482277602,0.07450805604,0.102103442,0.08616749942
335.9987793,0.09361142665,0.08531782031,0.08354667574,0.08159637451,0.07944247127,0.1130537391,0.08414394408,0.08389141411,0.05948678032,0.09881719947,0.07952482253,0.08091638237,0.09864660352
335.0596313,0.08284129947,0.07152940333,0.07966990024,0.044576969,0.07008993626,0.08899063617,0.07682106644,0.07358875126,0.06296049803,0.08527831733,0.09949398041,0.08608689159,0.1053219214
333.9638367,0.09405518323,0.105852887,0.1027644724,0.0794525817,0.09420156479,0.0921709612,0.08432991058,0.08684921265,0.08590228856,0.1168425754,0.1118144691,0.08169009537,0.09796604514
333.0244446,0.0715751946,0.08285010606,0.09142914414,0.08687048405,0.07914260775,0.09754801542,0.07956149429,0.1026571169,0.08343375474,0.05600893125,0.08133728057,0.09791062027,0.1018804163
331.9283142,0.1098660082,0.09292627871,0.06751715392,0.1117867976,0.1001470238,0.080353342,0.09054481983,0.1020938605,0.09551813453,0.1021673232,0.09550741315,0.06116458774,0.08883616328
330.988678,0.08236208558,0.07002961636,0.07836846262,0.1047516838,0.08713717014,0.09157925099,0.09865632653,0.0721559301,0.06749010086,0.07849364728,0.07262374461,0.09131642431,0.08975408226
330.0489197,0.1049902737,0.1019234285,0.08327588439,0.07951510698,0.08086147904,0.1003924385,0.0899655968,0.09260879457,0.09390667081,0.07670903206,0.1000379696,0.07286341488,0.122171551
328.9523926,0.07055869699,0.09784194082,0.04835866392,0.05739461631,0.07404626161,0.1017497256,0.09477992356,0.1004952565,0.09886869043,0.09117782116,0.1157855839,0.1091650352,0.09286251664
328.0123901,0.08435073495,0.07623420656,0.06992869079,0.06112882867,0.06339856982,0.06238309294,0.06273023039,0.05904337764,0.05782262981,0.09741701931,0.08307233453,0.07628650963,0.0918982923
327.0722656,0.09449465573,0.07166586816,0.05229717493,0.07828322053,0.06715580076,0.07636512071,0.06619876623,0.08833844215,0.0847248137,0.09374006093,0.1029841453,0.08496838063,0.1163311154
325.9753418,0.07519474626,0.08202882111,0.03923026845,0.05982831866,0.06407294422,0.06696201116,0.08888471872,0.06718495488,0.05633935332,0.0727116093,0.08569383621,0.08107181638,0.07600777596
325.0349731,0.06632345915,0.06044014171,0.05042618141,0.0561542809,0.06513849646,0.07167711109,0.06132908911,0.0687193647,0.09121462703,0.07992718369,0.09252254665,0.08019596338,0.09066217393
323.9377441,0.07330724597,0.08742617071,0.07622256875,0.06262651086,0.04133721441,0.06140643358,0.08464191109,0.05521668494,0.07622759789,0.08628095686,0.09688046575,0.08614628762,0.09425331652
322.9971313,0.08400933444,0.06864321977,0.09746164083,0.09661336988,0.06456945091,0.09588603675,0.08736656606,0.08101629466,0.06156746671,0.07150430232,0.04353333265,0.0577464886,0.07659524679
322.0563965,0.06582324952,0.07286270708,0.06558576971,0.05901960656,0.0595841147,0.08952640742,0.06734787673,0.06431937963,0.05439035594,0.09644535929,0.07672271878,0.09721972793,0.07376272976
320.9587708,0.08038044721,0.07255257666,0.03146227077,0.07354848087,0.05292894319,0.03543460742,0.05465357006,0.0780537352,0.05621431023,0.07200944424,0.06853938103,0.07385626435,0.09305785596
320.0177917,0.07468216121,0.08412064612,0.03667101264,0.03585042059,0.04262662679,0.06793070585,0.07504390925,0.07216670364,0.0460036695,0.0968285054,0.05726619437,0.08308944106,0.07979703695
319.0767212,0.06945802271,0.0440043211,0.07469628751,0.05584447086,0.07112579048,0.05645073205,0.0748199895,0.03899389133,0.03331908211,0.07397991419,0.08198884875,0.06749842316,0.07690987736
317.9786682,0.05286933854,0.05237518251,0.05233570561,0.05304544047,0.05726282299,0.04579107463,0.04412937164,0.07317943126,0.03049611673,0.07689208537,0.07548721135,0.06347984076,0.05076771975
317.0373535,0.04200470075,0.03913919255,0.03897050768,0.0585485436,0.04501771182,0.04585501924,0.05711962655,0.06978949904,0.04069199413,0.06756072491,0.06787272543,0.06840045005,0.08609904349
315.9390259,0.03769200295,0.0487225838,0.0333340764,0.04927935824,0.07036173344,0.04538678005,0.05891581625,0.04532348737,0.04393804446,0.05806448683,0.07079456002,0.05779322237,0.07397221029
314.9974976,0.04316612706,0.04362907261,0.02087390423,0.0339082256,0.0300823357,0.03023514897,0.04182972759,0.05674072728,0.04343243688,0.07010830939,0.06122338772,0.07562854141,0.06357330829
314.0558167,0.04426113516,0.05971711874,0.04449908808,0.03328750655,0.03853352368,0.03234094381,0.02573711053,0.04528494924,0.02867633104,0.04803087562,0.07675983012,0.06322044879,0.05112662911
312.9570923,0.03175565228,0.03540892899,0.03462792933,0.04360316321,0.02640386857,0.03701252118,0.03637953475,0.04155560955,0.03133803234,0.06455093622,0.05887731165,0.04149386659,0.04641734809
312.0151978,0.04239565879,0.03634317219,0.03472989053,0.04966320097,0.04432151467,0.03089330345,0.04073540866,0.04862759262,0.02984715067,0.05403823406,0.04700155184,0.04962438717,0.06552069634
311.0732117,0.02487417124,0.03632326424,0.0363885276,0.03336200118,0.0302972775,0.03479942679,0.03752524033,0.0255170539,0.04185685515,0.05908501148,0.04785903543,0.04674275219,0.05485527962
309.9740601,0.03446165845,0.02676628157,0.02170049585,0.02894487604,0.0272670649,0.02136993222,0.03531066328,0.04707199335,0.03559361398,0.03084387816,0.05240187794,0.04776390642,0.04574183375
309.0318298,0.04798689485,0.03002505749,0.02630805783,0.04139463603,0.03390523419,0.03152748942,0.03145803511,0.03121661954,0.01349072531,0.04280025512,0.03963064402,0.03987173364,0.04216324538
307.9324341,0.03426412493,0.03226189688,0.02275775932,0.01959746704,0.0225456804,0.02655224875,0.03875327483,0.02327115275,0.008491371758,0.0442305766,0.04157340154,0.0254425779,0.03234383091
306.9899597,0.02927695774,0.03468991816,0.0248754099,0.02925704978,0.02294577658,0.005150939338,0.01707924157,0.02521041408,0.02205527201,0.03953723982,0.03077656217,0.03066780046,0.03167490661
306.0473938,0.029805094,0.03044525161,0.01842902042,0.02432369627,0.02647616528,0.01763318479,0.008322712965,0.01556105167,0.01817041263,0.01374559477,0.04289896414,0.01510218438,0.03149903938
304.9476013,0.01610122435,0.003325576195,0.02231046744,0.02618707158,0.007133249193,0.01228486188,0.01354117971,0.01428513974,-0.0004219656985,0.03104653955,0.04501634464,0.02087712847,0.02762718871
304.0047913,0.02102661878,0.01726452447,0.008037255146,0.00838949997,0.01738599315,0.009793675505,0.02324752696,0.0277094245,0.02342667244,0.02143204398,0.02363733016,0.01574077643,0.03045331314
303.0618896,0.001894886605,0.0204094518,-0.002539849142,0,0.002065644367,-0.003516517347,0.006222757045,0.003152712714,0.003182654735,0.01685759984,0.02784061991,0.01423782855,0.01490669698
301.9617004,-0.004927876405,-0.003468392184,-0.008771869354,0.004077380989,0,-0.001258888864,-0.004154062364,0.01545464341,0.005627510138,0.0204130467,0.01627682894,0.03223329037,0.02200400271
301.0185547,0.01307738572,-0.000600196654,-0.008415088058,-0.007311702706,-0.001724267146,-0.007556847297,0.01416628528,0.0005930488696,0.0103646135,0.0222793743,0.02011117898,0.01135333721,0.01920522004
300.0753174,-0.005203507841,-0.00492871087,0.002711882116,0.0005460593966,0.01639122702,-0.005218442529,0.004863605369,0.002014439087,-0.01178587228,0.02126404271,0.02007573843,0.02094791457,0.005543855019
298.974762,0.002918327926,0.003005042672,-0.001714117243,-0.00119907374,0.0008844605181,-0.001288409578,-0.005892098881,0.01265522838,-0.004470477346,0.01080921385,0.00261381967,0.0212713331,0.01261781622
298.031311,0.004054400139,0.00302710291,-0.001587669831,0.007914733142,0.001807633322,-0.002304983791,0,0.006546332501,-0.005927543622,0.004784591962,0.006691749208,0.00959429238,0.01451336686
296.9304504,-0.008215996437,-0.004624099005,-0.01225395221,0.0004239973496,-0.006629068404,-0.007514529862,-0.01286717132,-0.007353688125,0.00396132376,0.01540784538,0.01955376007,0.01312629879,0.007938971743
295.9867859,-0.005931616295,0.0004209965409,0.0004466560204,-0.002163911005,-0.004779287148,-0.0107553089,-0.00454270374,-0.005078061949,0.001788284513,0.005953840446,0.01273451094,0.008866511285,0.01228291821
295.0429993,0.002489550039,-0.007630579639,-0.005648616701,-0.0092700487,0.001572327688,-0.006631635129,-0.009510747157,0.006206409074,-0.01029381808,0.004152177833,0.01615860872,0,0.00297073042
293.9417725,-0.007269247901,-0.006767948624,-0.008878722787,-0.01070042048,-0.0102012651,-0.008317192085,-0.01534153894,-0.01467005629,0.004201810807,0.01545529068,0.002798540285,0.008306700736,0.01928506978
292.9977722,-0.00367624592,-0.01898297481,-0.01534498576,-0.01356282458,-0.01395326946,-0.01341015194,-0.001629811362,-0.005805482622,-0.003363982309,0.01036834903,0.01115401275,0.01349811908,0.0104079647
292.0536499,-0.006703138817,-0.01108095422,-0.004021280445,-0.005947977304,-0.01078731194,-0.01322705485,-0.01626811363,0.003341004485,-0.007346122526,0.006250100676,0.003164805938,0.005996582564,0.01076769084
290.9520874,-0.002783110132,-0.004685870372,0,-0.007440282963,-0.009062086232,-0.00673406478,-0.01459018141,-0.02194031328,-0.00982209947,0.01273109391,0.004557742737,0.007161050569,-0.0005359381903
290.0077515,-0.01060882956,-0.003072654363,-0.01119779702,-0.01143804286,-0.003845308674,-0.01533755381,-0.0080946628,-0.01808488369,-0.01334895752,0.004555835854,0.009874809533,0.005950696301,0.01989779621
289.063324,0.003501842031,-0.006846108008,-0.02047536336,-0.005938805174,-0.01957753487,-0.007706025615,-0.0117592616,-0.008649562486,-0.01825257391,0.003006555839,-0.000613962533,0.01807424799,-0.001819202211
287.9613647,-0.0170686394,0.0009504665504,-0.01324592344,-0.01595535874,-0.01081692893,-0.003090750426,-0.001527963323,-0.005942645483,-0.01726160571,0.01257894654,0.007548105437,0.01169151999,0.00923271291
287.0167236,-0.003043021774,-0.008175802417,-0.01392519753,-0.01262237038,-0.002538242843,-0.005472976249,-0.01035614032,-0.01141362637,-0.01508947928,0.008694473654,0.00640485296,0.003580133896,0.01250157692
286.0719604,-0.001505658729,-0.004360536579,-0.01446582936,-0.01293065865,-0.001113829436,-0.00848738011,-0.0152741326,-0.001539125573,-0.01828010194,0.01248839404,0.008678535931,0.006295264233,0.008229855448
284.969635,-0.01358695142,-0.0108388802,-0.01521408092,-0.01240539178,-0.008794102818,-0.004351528827,-0.009963227436,-0.0147302011,-0.01226663031,0.009957307018,0.009178254753,0.007309270557,0.01565803774
284.0246887,0.003019764088,-0.00625802204,-0.02386591025,-0.007389376871,-0.009910999797,-0.01293272059,-0.01273518708,0.0005328083062,-0.004407090135,0.008705711924,0,0.0005309638218,0.00386868231
282.9221191,-0.003542904509,-0.01287043747,-0.007499499246,-0.01398207806,-0.006242488511,-0.02052941546,-0.01412706077,-0.006861659698,-0.004786480218,-0.002138308715,0.001035162713,0.01113123354,0.007408998441
281.9769287,-0.00167142076,-0.005824060645,-0.008713043295,-0.004987844732,-0.002932998817,-0.01914952509,-0.0111146383,-0.00936794281,-0.0199334994,0.01005228795,0.005296630319,0,0.005627658684
281.0316772,-0.005560303107,-0.005096565466,-0.002838608343,-0.01202707458,-0.004503129981,0.004110556096,-0.01089263521,-0.000319148181,0.004874333739,-0.004734094255,0.0006716619828,0.009298762307,0.01099349
279.9287415,-0.01080642268,-0.01117030159,-0.0142292669,-0.01853855699,-0.01205359492,-0.0358440876,-0.02071824484,-0.01182085276,-0.003238996956,0.005630951375,0.0125797363,0.00771330297,0.002007216215
278.9832458,-0.002482295502,-0.00577903213,-0.01358986087,-0.02311318181,-0.01568695158,0,-0.01904270053,-0.0007149489829,-0.01087342948,0.01163043454,0.003474976635,0.01653464511,0.01480805688
278.0376892,-0.01469947025,-0.002857030137,-0.01645848714,-0.008345237933,-0.008210713044,-0.01335488446,-0.01894999668,0.00516471453,-0.02054812014,0,-0.001838494092,0.004666590597,0.01460357569
276.9343872,-0.01010348555,0.001786835259,-0.01925405487,-0.01402410679,-0.0006669170107,-0.01217215229,-0.01000269502,-0.006741486024,-0.003955521155,0.004796993919,0.009130772203,0.003207580885,0.01127173938
275.9886169,0.0050020013,-0.01206523273,-0.005895169917,0.002956846962,-0.009882453829,-0.008188649081,-0.002052311087,0.0022343155,-0.006359206047,0.009025861509,0.009377666749,0.01047724113,0.01779557019
275.0427246,-0.01625842787,-0.01103574224,-0.01009795722,0.001154273399,-0.005639438517,-0.01423577778,-0.02380827814,-0.01035810448,-0.01217140537,0.01219507679,0.001282170415,0.01096759364,0.01950982772
273.9390869,0.001193928299,-0.01878073253,-0.02059258893,-0.006921700668,-0.01438893843,-0.008457528427,0.002419568365,0.0005463586422,-0.01954257675,0.003291479545,0.006562698632,0.001777915866,0.005068887956
272.9930115,-0.003229859052,-0.004841694143,-0.01614711247,-0.0118296463,-0.006235680543,-0.01030051708,-0.01307484508,-0.01587941498,-0.007558955811,0.005188265815,-0.002502777614,0.007533233147,0.006752172485
272.046814,-0.01130669378,-0.008655196987,-0.01362018101,-0.002762665506,-0.007614136674,-0.009954022244,-0.008625752293,-0.02113813162,-0.002867071191,-0.007338990457,0.009391001426,0.01072593313,0.009224594571
270.9428406,-0.008728273213,-0.02305201255,-0.015954623,-0.00831986405,-0.003602113342,-0.01025290042,-0.01921706647,0.002925392706,-0.004206457175,0.006972756237,-0.01157313399,-0.006705170963,0.01987477764
269.9964294,-0.0137874214,-0.007051283959,-0.01519110985,-0.00444453489,-0.01509580296,-0.02618742362,-0.02683382109,-0.01738040894,-0.02347655594,0.002226974815,0.01295553241,0.004254695028,0.007750656921
269.0499573,-0.007950308733,-0.01436270867,-0.01069392264,-0.01905388758,-0.01464982051,-0.01421089564,-0.01146236435,-0.009728519246,-0.001944381045,0.0003497121506,0.001996237785,-0.007874716073,0.008193234913
267.9456177,-0.005560969468,-0.00978383515,-0.01021215413,-0.01480130013,-0.01362853497,-0.005959838163,-0.003743946319,-0.006131258793,-0.01369408146,-0.007192120422,0.003068129066,0.007663080934,0.001336186193
266.9989624,-0.007129910402,-0.005163437221,-0.005720661487,-0.007812332362,-0.008836464025,0.001490085968,-0.006041181739,0.004005005118,-0.001043272321,0.005475374404,0.005440949928,0.0003530095564,-0.0007593163173
266.0521851,-0.008660357445,0,-0.008612978272,-0.008349462412,0.02049217373,-0.01358272415,-0.007979753427,-0.0003856248804,-0.01313224249,0.004285854287,-0.007502108347,-0.003638167167,0.02213529684
264.9475098,-0.005464137066,-0.01073296554,-0.004859488923,0.005473426078,-0.008692857809,-0.001502830535,-0.001762624597,-0.008941099048,-0.001889294945,0.01238464285,0.0134670157,0.006293286569,0.01103956345
264.0005188,-0.010121339,-0.002725750441,-0.002772611799,-0.004293702543,-0.02793264203,-0.0006466500927,-0.0195438005,0.00197190675,-0.001977580832,0.01162150316,0.005802514497,0.01338967308,0.003714096267
263.0534668,-0.007633917965,0.005212144461,-0.004364337306,-0.01434944756,-0.005509267095,-0.01302885823,-0.009009191766,-0.008054296486,-0.01098525245,0.008052188903,0.01439382788,0.01352505013,0.01261351723
261.9484558,-0.008986530825,0.001573241199,-0.004331565928,-0.007804010063,-0.0007523102686,-0.005482700653,-0.004606049974,-0.00236877799,-0.004920075182,0.003032753244,-0.003189170733,0.001608723542,0.003747417592
261.0011902,-0.009696170688,-0.002443974838,-0.009922361933,-0.004177149851,-0.00994775258,-0.009491360746,-0.007077969145,-0.00665292982,-0.006556174252,-0.0005983265582,0.001876007416,-0.0006500103045,0.002916095313
260.053833,-0.003555526491,-0.005294655915,-0.008407723159,-0.02138172649,-0.001084890333,-0.01519027259,-0.01270813774,-0.006865804084,-0.0004637448874,0.007352441549,0.002366864122,0.003601294244,0.001238050172
258.9484863,-0.001285039354,-0.008576498367,-0.01683783717,-0.007696002256,-0.01141611394,-0.003056989284,-0.001798140467,-0.007317971904,-0.01921911165,0.01749487408,0.01262731384,0.005044358782,0.01175711863
258.000946,-0.0170463752,0.01271843817,-0.01605094969,-0.007589906454,-0.002726959065,-0.004786724225,-0.003069284139,-0.01319400221,-0.01202671975,0.006135416217,0.009140749462,0.0003188475675,0.0148561215
257.0533142,-0.006367412396,0.01046889927,-0.004236291163,-0.008364273235,0.005300325342,0.001677046414,-0.008361916989,-0.0114707863,0.008817545138,0.00544384541,-0.002180634765,0.01431877725,0.006693842355
255.9476318,-0.002737594536,-0.005840560887,-0.008681921288,-0.009282642044,-0.01348881889,-0.001682791626,-0.02793690376,0.004279957619,-0.001732570119,-0.004829912446,-0.005289479159,0.009080844,0.01180691738
254.9998169,-0.0007757814019,-0.002249469049,-0.01491839625,-0.00301048276,-0.01496873423,-0.0106310118,-0.004578450695,0.003176423255,-0.008552147076,0.00804851763,0.0126307942,0.01556611061,0.01649726927
254.0518951,-0.01610000059,-0.0005519486731,-0.01178651676,-0.01407676749,-0.007674803957,-0.0104241129,-0.006815878674,-0.01438325457,-0.01162513997,0.009826513007,0.01181676518,0,0.013182058
252.9458923,-0.008464555256,-0.01092510764,-0.01584330387,-0.01002340764,-0.01825255156,-0.014858271,-0.01564106904,-0.01060797088,-0.01107297372,0.01052195299,0.002074313117,0.005011843052,0.007203795947
251.9977875,-0.01190983877,-0.01195462793,-0.01598525047,-0.01256934367,-0.009100506082,-0.01019867416,-0.003064658493,-0.00810811948,-0.00927109085,0.0005578625132,0.01185989287,0.001274628332,0.01154885814
251.0495911,-0.01438903995,-0.01852440275,-0.01536934543,-0.001170049072,-0.01166264247,-0.006881531794,-0.01892421208,-0.006892770063,-0.01351516508,-0.002250202,0.01060918812,0.009874152951,-0.003114279127
249.9436035,-0.007983746007,-0.004532317631,-0.006722840946,-0.0008197428542,-0.0007384889177,-0.005039587617,-0.008888469078,-0.002421856858,-0.00936563313,-0.001542444574,0.001610832987,0.003284845036,-0.003371377243
249.000885,-0.006159269251,0.004243154544,-0.007096662652,-0.003228535643,-0.005391100422,-0.001780917984,-0.003936324734,-0.002313020639,-0.00765068084,0.0006248588325,0.001706911484,0.003486935748,-0.001305317739
248.058075,-0.001449430943,-0.001379228663,-0.002477499656,0,-0.001918615424,0,-0.002052581171,0.0004824078642,-0.002848427277,0.004876715597,0.001579899574,0.0004745297192,0.0004761329328
246.9580231,-0.008179408498,-0.008326143958,-0.007792192511,0.001468245639,-0.006153441034,-0.001992751146,-0.00499235699,-0.001833721413,-0.008059628308,-0.0008465765859,0.007694710977,-0.001937914873,0.008116741665
246.0150299,-0.003440595465,-0.0140476143,0.006233157124,-0.008652383462,-0.001150456723,-0.007453669328,-0.01370958891,-0.003711020574,-0.007789030671,0.00999942515,0.007782682776,0.002282800153,0.008537083864
245.0719604,-0.004718465265,-0.001995635917,-0.001947306562,-0.002926509362,-0.01034265477,-0.002525800839,-0.0009207411204,-0.01135299169,-0.01812138222,0,0.01040278934,-0.006774358917,0.005494051613
243.9716034,-0.000721003511,0.003414145904,0.002065316541,-0.00789443031,0.001476460602,-0.002079850761,-0.002858312568,-0.001541664824,-0.002760633593,0.01019086223,-0.0007337208372,0.007870853879,0.00792254135
243.0283356,-0.004834614694,-0.00827606488,-0.001496292301,-0.01201371755,-0.010878684,-0.003033006098,-0.009176001884,-0.01532694139,-0.007840995677,0.00457658805,0.003044180339,0.004338228609,0.009143439122
241.9277649,0.003167388029,-0.0038181243,-0.0104290098,-0.00602074014,-0.01820249297,-0.005202696659,-0.01531081833,-0.004233122338,-0.02352650091,0.00119096681,-0.004776751157,0.004788778257,0.02406114899
240.9843292,0.01093887165,-0.01087167207,0,-0.01301599387,-0.008485486731,-0.01537299994,0.004696427844,0.01650190167,-0.007388189901,0.02113045566,0.0007691775681,-0.0008149541682,0.0052355472
240.040802,0.01705619879,-0.01419763453,-0.007309736218,-0.006792312488,-0.01408936922,-0.01378127653,-0.002803855808,-0.003919592593,-0.00564010255,0.004754771944,0.001896021422,0.01667445898,0.01281984895
238.9399261,-0.009835642762,0.00336479675,-0.003791908501,-0.02589874715,0.00885798689,0.005989041645,-0.008140137419,-0.003872788977,-0.01715309545,-0.01743761636,-0.002127391286,-0.02003703639,0.008396490477
237.9962311,-0.02131167799,-0.003756843274,-0.001964506693,0.01344544441,0.005048208404,-0.02474220842,0.007216425147,-0.007978740148,-0.01226473693,0.01628827862,-0.003689676756,0.005197614431,0.01243809052
237.0524445,0.008357784711,-0.02006397396,-0.005593997426,0,0.01427286025,0.004107310437,-0.003005524632,-0.01995560713,0.01473689731,0.01228606235,0.01297160611,0.01048571616,0.01973752491
235.9512634,0.001107115531,-0.01372978557,0.0005304878578,-0.001062887954,0.007026601583,0.00471862359,0.002172810957,-0.001211357769,0.006179387681,-0.01242736075,0.01691692509,0.01109417062,0.01865503937
235.007309,0.01625391096,-0.01448888052,0.02450558543,-0.00677620247,-0.005372763611,0.002329478739,-0.02069314383,0.01284497976,-0.01386687811,-0.0101312045,0.02863643132,0.01782161556,-0.001234824886
234.0632629,-0.002071347553,0.01818105951,0.00571955042,-0.01204241905,-0.006720980164,-0.003122606315,0.00080523215,-0.005457626656,-0.01643860154,0.01647390798,0.006248607766,0.0121768564,0.01659389958
232.9617767,-0.02049543895,0.01590283029,0.002499763388,-0.02657613344,0.01072174683,0.02216872387,0.000690017594,-0.01126053464,-0.02340770327,0.001969262026,0.006944747176,0.02685843222,-0.01534180064
232.0175629,-0.003388999263,0.007080709562,-0.01976225711,-0.009958453476,-0.01405255124,-0.02822043933,-0.02100430802,-0.007752104197,-0.03097852692,0.007219780702,-0.01117556076,0,-0.02006621286
231.0732727,0.004663262516,-0.01488226838,0,-0.004109576344,0.01959737018,-0.01856178977,-0.01054710709,-0.004904828034,-0.00226760935,0.02891301736,0.05073232576,0.0005643700715,0.0216738116
229.9714966,-0.000492017949,0,-0.004271606449,-0.0009185400559,-0.003546480788,-0.00483231293,-0.005882856436,-0.00242782291,-0.001739536994,0.007794075646,0.005556141492,0.005768075585,0.007408265956
229.0270386,-0.006112348754,-0.0006456685951,-0.00166321639,0.003350437619,-0.0003452317615,-0.0004020761407,-0.007909454405,0.00074924808,0.002972811693,0.004204713739,0.00442556804,0.001186684822,0.01262273174
227.9250641,0.003777364967,0,0.003383693285,0.009760035202,0.003127401229,-0.009087383747,0.001792700961,0.00757401064,0.0005791155272,0.006156417076,0,0.007041588891,0.0116082551
226.980423,0.01273643598,0.01176909544,-0.00245048129,0.004105253145,-0.00082912785,0.01297663432,0.01541151851,0.005074578803,-0.002451959066,0.01782855764,0.008058587089,0.01999493688,0.01364051551
226.0357056,0.002540844027,0.003315138631,-0.007060277276,0.003967248835,0.008344662376,0.003658671631,-0.01223615091,0.004042890389,0.007524733432,0.019122025,0.01851798967,0.01701767929,0.01454930287
224.9334564,-0.002282851143,-0.0005305284867,0.002744868631,0.02008491568,0.006626274902,-0.01123019587,0.003378866706,0.009453144856,0.007610306144,0.0239178203,0.02446705475,0.01518825907,0.02783049643
223.9885712,-0.01256395318,0.01379250735,-0.005736785475,0.008190122433,0.01220962312,0.007536624093,-0.003634321271,-0.003193914657,0.002585011069,0.01196336839,0.02845368348,0.0222440511,0.0308398772
223.0436096,0,0.003886359744,0,0.003993214108,0.009873205796,-0.002520841779,-0.0006153139984,-0.005704239942,0.003810586408,0.03099281713,0.01467542909,0.01690157317,0.0296132993
221.9410706,0.01033229474,0.009998640046,0,0.006162317935,0.009331560694,-0.009122373536,-0.003965544514,0.005348732695,-0.01332486141,0.0173313804,0.02687192522,0.02299332619,0.0229573939
220.9959412,0.01390239503,0.009484120645,0.0008221419412,0.01737225801,0.01694376022,0.006348795258,0.004436816089,-0.0004019120242,0.01345946081,0.03192690015,0.02682287619,0.0272673443,0.02548971958
220.0507355,0.02079905011,0.01521417871,0.01964566484,0.02326049656,0.02691395022,0.02200548537,0.006608764641,0.01170068793,0.01015990227,0.05623904988,0.04446190223,0.02501951903,0.04212890193
218.9479065,0.02350813709,0.01957717538,0.008586057462,0.03859036788,0.01575443707,0.01813603379,-0.006442274898,0.01115635876,-0.0005376250483,0.0371447131,0.03401088342,0.01408516802,0.0487584509
218.0025482,0.02445341647,0.02439592406,0.01670363173,0.002750565996,0.0371036157,0.01095116325,0.01054664422,0.01543530822,0.02351001836,0.04235755652,0.04809325561,0.02268535085,0.04667745531
217.0571136,0.02272748388,0.01063092146,0.02634448558,0.02336154692,0.01907355711,0.0006150222034,0.01080640499,0.008190061897,0.01633357815,0.03501480073,0.02324981242,0.03469898552,0.04459604621
215.95401,0.02146815881,0.01491679903,0.002206464764,0.03929559141,0.02735335752,-0.007793775294,-0.005096975714,0.01485937648,0.01949830912,0.03313589841,0.03494174778,0.01714615338,0.03684089333
215.0084076,-0.001101344125,0.02774431556,0.03233611211,0.03130521625,-0.00206215051,0.01863454469,0.01213092543,0.007191763725,0.02417079732,0.02957827784,0.03042874672,0.04072767869,0.04454641417
214.0627289,0.009461891837,0.01357859746,0.0128259128,0.01317416877,-0.003790755291,0.003195533995,0.01661702059,0.006429268979,0.02704328857,0.04131660238,0.04537099972,0.03803952038,0.009778830223
212.9593506,0.004336185753,0.01070519816,0.01465493441,0.01820800453,0.0114014484,0.02052450739,0.02438176423,0.01722172461,-0.01076214481,0.0422036089,0.03066907823,0.05090910196,0.05235599726
212.0135193,0.02639475651,0.02249454521,0.02985831536,0.05477892235,0.01863106526,0.01680003852,0.01403030008,0.02574206144,0.00890418794,0.0287423227,0.03986885026,0.04387376085,0.03975385427
211.067627,0,0.01814413629,-0.003156387946,0.02259808406,0.02905865759,0.02292472124,-0.00763803022,0.01985871978,0.01170965936,0.05322889611,0.02788091078,0.04248100892,0.05322839692
209.963974,0.02133654431,0.0163628459,0.02324950695,0.04616907984,0.02261466347,0.01768346876,0.02523256466,0.009279493243,0.009875367396,0.05171839148,0.05058667809,0.04384170473,0.03153007105
209.0179138,0.0514587611,0.03331920505,0.0201204326,0.02099186741,0.03134762123,0.004816439468,0.02765009925,0.01457506418,0.01976982318,0.05044497177,0.06804705411,0.04601989686,0.06590859592
208.0717773,0.03533300757,0.02545828372,0.03283537924,0.04000535235,0.03329893947,0.01250132918,0.009343428537,0.03912451118,0.005777440034,0.02088214457,0.02997167222,0.02433050424,0.02919131704
206.967865,0.01772754453,0.02607656643,0.01599651203,0.0332015492,0.02120816708,0.02563247085,0.007056209724,0.02075991966,0.03767286241,0.009113131091,0.03790648282,0.02960444242,0.04377645999
206.0215759,0.002806066768,0.02853661962,0.03020737134,0.03561080247,0.0242435839,0.01396284252,0.004803397693,0.03824269399,0.03831887618,0.04547623172,0.03886971995,0.03360188007,0.04664551094
205.0752258,0.01364095788,0.009786443785,0.001684288378,0.02392147854,0.04448584467,0.00706679048,0.03646270558,0.00750947278,0.006930962205,0.01495674253,0.03344617039,0.03310199082,0.03855264932
203.9710541,0.043519333,0.02776684053,0.01693355851,0.03498801216,0.04985425621,0.01564666256,0.00743309781,0.0348071456,0.02615506202,0.04887074605,0.01313442178,0.033656165,0.03971600533
203.0245361,0.04125437886,0.05216548964,0.01664614305,0.02425754629,0.05298246443,0.03682253137,0.02539516427,0.01528222673,0.01924958639,0.05991663039,0.07047687471,0.05027816445,0.06918974966
202.0779572,0.0496529676,0.08949427307,0.02236341685,0.02419715375,0.0567008853,0.02992061526,0.05485076085,0.0492121093,0.02021956816,0.0529169403,0.02509924769,0.04630668461,0.02879012004
200.973526,0.01857594401,0.03293996304,0.04801272601,0.04664721712,0.05370634794,0.03615451977,0.06370899826,0.0742315501,0.01748904958,0.1157190502,0.04805604368,0.0339182727,0.0811874792
200.0267944,0.01266850438,0.04771337658,0.05575957894,0.01720321737,0.04406208172,0.04402379692,0.03102475032,0.03406207263,0.01199349295,0.05426804349,0.06691876054,0.06705012918,0.04808679968
199.0688934,0.01050588116,-0.003537159413,0.02957686968,0.02673830278,0.03354263678,0.0449487865,0.01623153873,0.02025665529,0.007283121347,0.05983741209,0.04498961195,0.03946682438,0.04519422725
197.9508667,0.03517527878,0.05893400684,0.01024038438,0.01972193643,0.0260903351,0.02987629548,0.07779634744,0.03387379274,0.006771474145,0.07473381609,0.07866255939,0.07020540535,0.04449590668
196.9924927,0.04555360228,0.04409402236,0.04946513101,0.04334807023,0.02103799395,0.05618368834,0.02794240788,0.0753762573,0.03682896867,0.02525393292,0.06702338159,0.03453493491,0.06370513141
196.0340424,0.06617359817,0.03174906224,0.07027357072,0.03083528951,0.08029472828,0.03045419231,0.0494848825,0.08625234663,0.02906842902,0.0909268409,0.03265653923,0.08759260923,0.05069255084
195.075531,0.03227835521,0.07876003534,0.05773857236,0.07319292426,0.05952222273,0.04141241312,0.0517280139,0.06166686118,0.06094624847,0.08552584052,0.1213436574,0.03984034806,0.0759376958
193.9571686,0.08867113292,0.08770731837,0.06891285628,0.04503789172,0.08530867845,0.07056799531,0.04656686634,0.06747736782,0.04279383644,0.1141067743,0.03592694923,0.02090956643,0.05469301343
192.9985199,0.0694379583,0.08663100749,0.05075070262,0.04700915143,0.09699843824,0.1141174585,0.07271706313,0.1232976764,0.05753748119,0.07857108116,0.1136200726,0.03986399993,0.1247538254
192.0397797,0.1401939839,0.1200099438,0.05100379884,0.07003930211,0.1878632307,0.1181346923,0.155929178,0.1338873208,0.06744017452,0.09860632569,0.09359828383,0.1181463376,0.1481447667
190.9211884,0.0780287683,0.05881211162,0.1025237963,0.1304626763,0.2272098958,0.0506067574,0.06767489016,0.09283686429,0.07769928873,0.1196646392,0.194898054,0.08583385497,0.2456306219
189.9623108,0.06799395382,0.1907783747,0.1647843122,0.04975308478,0.2053795159,0.1594230235,0.2199023217,0.2137028575,0.08573488146,-0.004419852979,0.1080519632,0.2192894667,0.2080299854
